,title,title_label
0,이쯤되면 살만하지 않아카카오를 보는 시선이 달라지고 있다,1
1,네이버카카오 금융복합기업집단 지정해 리스크 대비해야,1
2,네이버카카오 간밤 나스닥 반등에 동반 ,1
3,코스피  증시 훈풍에 상승네이버카카오 대 강세 개장시황,1
4,카카오 블랙아웃 방지법 국회 통과,1
5,플랫폼도 국가재난계획에 포함카카오 블랙아웃 방지법 국회 통과,1
6,카카오두나무위메이드 인연과 악연 사이,1
7,카카오 모두를 위한  도전 이어간다,1
8,카카오의 고백끊긴 다리와 같았다,1
9,카카오의 뼈아픈 고백완성되지 않은 다리로 섬 이었다,1
10,카카오가 직접 다 밝혔다 카카오 대란의 원인은,1
11,서울산업진흥원 네이버카카오에서  온라인 판로 개척,1
12,두 번 실수 없다 카카오 대표 직속  인프라 컨트롤타워 만든다,1
13,카카오 사태 사회적 책임소명 다할 것,1
14,센트온 카카오모빌리티 시그니처 향기 개발,1
15,과기정통부 카카오에 재발방지 요구한달 내 제출,1
16, 월드컵 강 진출에 네이버카카오도 특수,1
17,먹통 달만에 재발방지책 발표하는 카카오,1
18,허리띠 졸라맨 네이버카카오 목표주가 개월 만에 올랐다,1
19,네이버카카오 나스닥 훈풍에  상승,1
20,나스닥 급등에 네이버카카오 강세카카오페이  개장시황,1
21,카카오메이커스의 상생 프로그램 제버가치 누적 거래액 억 돌파,1
22,카카오메이커스 농축수산물 판로 개척누적 거래액 억 돌파,1
23,실적 하향 이어지는 네이버카카오신규매출비용절감 필요,1
24,카카오 와 중소사업자 대상 개인정보보호 교육,1
25,카카오 중소사업자 개인정보보호 온라인 교육,1
26,카카오 먹통 방지책 맡은 남궁훈 치부 공개 부끄럽지만 성장 기회될 것,1
27,남궁훈 카카오 규모의 기업이 치부 공개 세계적으로도 드문 일,1
28,당근마켓 카카오 출신 황도연 신임 대표 내정김재현 대표는 로,1
29,코스피 개인 사자에 상승 출발카카오 강세 개장시황,1
30,키위플러스 카카오키즈폰 등 높은 매출 성장세 지속월 누적 매출 ,1
31,국민주 카카오 떠나는 동학개미,1
32,카카오 소상공인 대상 상생 기획전 연다,1
33,카타르 월드컵 오픈채팅에서 함께 응원하자카카오,1
34,카카오 문어발식 확장 촘촘히 막는다 기업결합 신고기준 정비,1
35,카카오 먹통 방지법 통과에 주목받는 데이터 관련주,1
36,카카오스타일 패션바이카카오 입점 스토어 곳 돌파,1
37,카카오스타일 패션바이카카오 입점 스토어 곳 돌파,1
38,당근마켓 카카오 출신 황도연 신임 대표 내정김재현 대표는 로,1
39,코스피 개인 사자에 상승 출발카카오 강세 개장시황,1
40,당근마켓 카카오 출신 황도연 신임 대표 내정김재현 대표는 로,1
41,코스피 개인 사자에 상승 출발카카오 강세 개장시황,1
42,키위플러스 카카오키즈폰 등 높은 매출 성장세 지속월 누적 매출 ,1
43,국민주 카카오 떠나는 동학개미,1
44,키위플러스 카카오키즈폰 등 높은 매출 성장세 지속월 누적 매출 ,1
45,국민주 카카오 떠나는 동학개미,1
46,카카오 소상공인 대상 상생 기획전 연다,1
47,카타르 월드컵 오픈채팅에서 함께 응원하자카카오,1
48,카카오 문어발식 확장 촘촘히 막는다 기업결합 신고기준 정비,1
49,카카오 먹통 방지법 통과에 주목받는 데이터 관련주,1
50,카카오스타일 패션바이카카오 입점 스토어 곳 돌파,1
51,카카오스타일 패션바이카카오 입점 스토어 곳 돌파,1
52,공정위 금산분리콜 몰아주기 등 카카오 관련 사건 연내 결론,1
53,카카오 협의체 구성해 서비스 장애 보상 논의외부 전문가 참여,1
54,카카오 협의체 구성해 서비스 장애 보상 논의외부 전문가 참여,1
55,공정위 금산분리콜 몰아주기 등 카카오 관련 사건 연내 결론,1
56,한기정 독점 플랫폼 사회적 책임 소홀카카오 등 독과점 남용 철퇴,1
57,한기정 독점 플랫폼 사회적 책임 소홀카카오 등 독과점 남용 철퇴,1
58,코스피 대 올라 선카카오 삼전 대,1
59,나스닥 버프 받고 카카오 삼형제 급등카페는 장중 상한가 이종화의,1
60,코스피 대 상승세 이어져카카오 네이버  쑥쑥,1
61,인플레 정점 기대감에 코스피 안도랠리네이버 카카오  ,1
62,카카오메이커스 카카오프렌즈 기부 배지 제작한다,1
63,인플레 정점 기대감에 코스피 안도랠리네이버 카카오  ,1
64,카카오메이커스 카카오프렌즈 기부 배지 제작한다,1
65, 훈풍에 코스피 상승 출발카카오 대 개장시황,1
66,시그널 카카오 조 두나무 주식 자회사 이관,1
67,카카오 삼총사 반등했지만매출성장 지켜봐야 경계 눈초리,1
68,빅데이터로 본 재테크 카카오 삼총사 반등했지만 매출성장 지켜봐,1
69,카카오 삼총사 반등했지만매출성장 지켜봐야 경계 눈초리,1
70,빅데이터로 본 재테크 카카오 삼총사 반등했지만 매출성장 지켜봐,1
71,현대차기아 자율주행 카카오 택시 강남 달린다,1
72,카카오 카카오인베스트먼트에 조억원 주식 현물출자,1
73,카카오로 강남서 자율주행 택시 부른다,1
74,강남서 자율주행 택시 달린다카카오모빌리티현대차 시범서비스 시작,1
75,두 모빌리티 거인 협력카카오모빌현대차 강남서 자율주행 서비스 선,1
76,카카오모빌리티 자율주행 택시 복잡한 강남 도심 누빈다,1
77,카카오모빌리티 자회사 솔루션 임시 택시운전 자격 장관 표창,1
78,카카오 소공연 등 여러 단체와 협의체 구성 논의,1
79,두 모빌리티 거인 협력카카오모빌현대차 강남서 자율주행 서비스 선보,1
80,카카오모빌리티 자율주행 택시 복잡한 강남 도심 누빈다,1
81,카카오모빌리티 자회사 솔루션 임시 택시운전 자격 장관 표창,1
82,카카오 소공연 등 여러 단체와 협의체 구성 논의,1
83,카카오 전국 개 전통시장서 우리동네 단골시장 프로젝트,1
84,단독 카카오맵 지하철 대란 상황 실시간 반영했는데네이버는 왜,1
85,카카오 전국 개 전통시장서 우리동네 단골시장 프로젝트,1
86,단독 카카오맵 지하철 대란 상황 실시간 반영했는데네이버는 왜,1
87,코스피 선 터치다운네이버카카오 모처럼 불상승,1
88,카카오모빌리티 첫 단독 공채두 자릿수 뽑는다,1
89,교통약자 지원카카오맵 서울 지하철역 승강장 간격높이 정보 제공,1
90, 열차승강장 거리 넓어요카카오맵 교통약자 정보 강화,1
91,카카오맵 서울 지하철역 승강장 간격높이 정보 제공,1
92,카카오모빌리티 첫 단독 공채두 자릿수 뽑는다,1
93,교통약자 지원카카오맵 서울 지하철역 승강장 간격높이 정보 제공,1
94, 열차승강장 거리 넓어요카카오맵 교통약자 정보 강화,1
95,카카오맵 서울 지하철역 승강장 간격높이 정보 제공,1
96,카카오 먹통 화재때 이 제품 썼다면초미세캡슐소화기 만드는 지에프아,1
97,카카오 실적 부진 파월 매파 발언에 불안한 네이버목표가 줄줄이 ,1
98,카카오 상승여력 있지만단기 투자심리 부정적신한,1
99,카카오 실적 부진 파월 매파 발언에 불안한 네이버목표가 줄줄이 ,1
100,카카오 상승여력 있지만단기 투자심리 부정적신한,1
101,카카오 형제들 주가 또 털썩,1
102,카카오 형제 다시 내리막길겹악재에 털썩,1
103,카카오 형제들 주가 또 털썩,1
104,카카오 형제 다시 내리막길겹악재에 털썩,1
105,카카오 데이터센터 화재 여파는 분기 실적반영,1
106,카카오 심야호출료 오늘 밤 시부터 인상최대 원,1
107,카카오다음 이메일 한때 송수신장애이용자 불만,1
108,카카오 분기 실적 부진에 주가 ,1
109,성장엔진 먹통 카카오자회사 상장 재검토,1
110,카카오 데이터센터 화재 여파는 분기 실적반영,1
111,내년 금리  가능성 시사한 파월 네이버카카오 등 기술주와 코스닥,1
112,공동체 상장이슈 카카오 지배구조 관점서 재검토카카오 컨콜,1
113,뉴욕증시 급락에 카카오 형제 줄줄이 약세,1
114,카카오 분기 실적 부진에 주가 ,1
115,카카오 분기 실적 부진에 주가 ,1
116,카뱅  깜짝 실적카카오 형제들 오랜만에 활짝,1
117,단독 마켓쿠팡 충전금도 네이버카카오만큼 보호한다,1
118,키위플러스 분기 누적 매출 억원 돌파 카카오 키즈폰의 힘,1
119,카뱅  급등 카겜은 주춤희비 엇갈린 카카오 형제,1
120,메타알파벳 등 미국 빅테크 어닝 쇼크떨고 있는 네이버카카오,1
121,카카오 장애 피해 접수 일 연장다음달 일까지,1
122,우리들의 생각 화재사고로 시총 조 날린 카카오,1
123,우리들의 생각 화재사고로 시총 조 날린 카카오,1
124,카카오모빌리티대리운전 노조 단체교섭 최종 타결,1
125,화재로 불거진 독과점 폐해공정위 카카오 제재플랫폼 규제 강화 속,1
126,대기업 임원들 년 반 새 스톡옵션 조 챙겼다카카오가 위,1
127,스톡옵션 이익 위는 카카오주요기업들 임원 조 시세차익 ,1
128,대기업 임원들 년 반 새 스톡옵션 조 챙겼다카카오가 위,1
129,스톡옵션 이익 위는 카카오주요기업들 임원 조 시세차익 ,1
130,이용자 만족  주주 반발카카오 보상 딜레마,1
131,이용자 만족  주주 반발카카오 보상 딜레마,1
132,카카오 먹통 이복현 카뱅카페 검사 불가피사고 책임 통감,1
133,또 고개숙인 김범수카카오 먹통 피해접수 현재까지 만건,1
134,올해도 카카오 국감김범수 약관 이상으로 보상할 것 종합,1
135,속보 카카오 현재까지 만건 피해 접수,1
136, 국감 카카오 김범수 서비스 불편 약관 이상으로 보상,1
137,속보 김범수 카카오  추가 보상책 논의중,1
138,네이버카카오 맵 길찾기에 공유 킥보드 추가된다,1
139,카카오 목표가서  더 떨어진다고만 개미 곡소리,1
140,카카오 같은 대기업이 왜 갸우뚱이례적 상황 벌어졌다,1
141,카카오 먹통 다음날 억원어치 공매도 물량 쏟아졌다,1
142,카카오 사태가 우리 사회에 일깨운 것,1
143,카카오 먹통 다음날 억원어치 공매도 물량 쏟아졌다,1
144,카카오 사태가 우리 사회에 일깨운 것,1
145,진짜 바닥 또 카카오 줍줍한 개미피눈물 또 흘리나코주부,1
146,카카오 엑소더스 정기현의 이슈스케치,1
147,먹통 다음날 공매도 폭탄 맞은 카카오위는 카뱅,1
148,카카오 사상초유 먹통에 공매도 타깃됐다,1
149,카톡 먹통 다음날 카카오카뱅 공매도 쏟아졌다,1
150,카톡 먹통 다음날 카카오 공매도 물량 쏟아졌다코스피 종목 중 ,1
151,먹통 다음날 공매도 폭탄 맞은 카카오위는 카뱅,1
152,카카오 사상초유 먹통에 공매도 타깃됐다,1
153,카톡 먹통 다음날 카카오카뱅 공매도 쏟아졌다,1
154,카톡 먹통 다음날 카카오 공매도 물량 쏟아졌다코스피 종목 중 ,1
155,카카오 확장기업  간이심사로 독점판단 피했다,1
156,카카오 엑소더스 정기현의 이슈스케치,1
157,카카오 엑소더스 정기현의 이슈스케치,1
158,고학수 카카오 정보보호 인증제 강화감사원 관련 논의할 것,1
159,여야 피해 보상 강력 촉구카카오모빌리티 대표 최선 다하겠다,1
160,국감장서 혼쭐난 카카오모빌리티 대표 택시대리 추가보상책 마련,1
161,에스엠 네이버카카오 지분 인수 미확정 재공시,1
162,카카오네이버 무한확장 제동대통령 공정위 보고받아,1
163,카카오네이버 무한확장 제동대통령 공정위 보고받아,1
164,엎친데 덮친 카카오모빌리티 기업가치 조원 증발,1
165,분의 진실 카카오  데이터센터 화재 인지시점 상반된 ,1
166,카카오 다시 추락최근 상승분 반납,1
167,카카오 사태에 뿔난 중소기업계 여당에 온플법 제정촉구,1
168,카카오 사태에 뿔난 중소기업계 여당에 온플법 제정촉구,1
169,전세보증보험도 플랫폼 의존가 카카오네이버로 가입,1
170,흔들리는 카카오 리더십김범수 사단 시험대,1
171,나흘 만에 고개숙인 카카오남궁훈 대표 사퇴,1
172,쑥과 쌀겨의 조합쌀겨 약산성 비누 카카오메이커스 단독 론칭,1
173,여당의 관심사 아냐카카오 먹통에도 플랫폼 규제법 후순위,1
174,책무소홀했다 국민께 사과남궁훈도 전격퇴진 혼돈의 카카오,1
175,주가 만원 약속했던 남궁훈 대표 카카오 먹통에 불명예 퇴진,1
176,카카오 남궁훈홍은택 기본 가치 잊었다반성하고 살피겠다,1
177,카카오 홍은택 계열사 쪼개기 상장이라 생각 않는다,1
178,카카오 홍은택 기업 휴지보험 가입 안해놨다,1
179,카카오 홍은택 정부의 사고 조사에 전폭적으로 협조,1
180,카카오 남궁훈 각자대표 사임 주목 공시,1
181,카카오 대표이사 변경 공시남궁훈 대표 사임,1
182,카카오 대표이사 변경 공시남궁훈 대표 사임,1
183,특징주카카오 연이틀 상승세카뱅카페도,1
184,카카오 사태 전에도은행권 전자금융사고 년간 번 넘어,1
185,단독 카카오 남궁훈 각자대표 사퇴 시사시 회견,1
186,카카오 화재 여파는 단기적감내의 구간 지나간다,1
187,단독 카카오 남궁훈 각자대표 사퇴 시사시 회견,1
188,정부 숟가락 얹기 카카오 독식 더 키웠다,1
189,카카오 블랙아웃 카톡국가기간통신망방송통신발전법에 포함시키,1
190,정부 숟가락 얹기 카카오 독식 더 키웠다,1
191,카카오 블랙아웃 카톡국가기간통신망방송통신발전법에 포함시키,1
192,잇단 쪼개기 상장에 주가 급락카카오에 분통 터지는 개미들,1
193,카카오 엑소더스 현실화이용자 신뢰 흔들,1
194, 독점기업 발언에 사면초가 카카오업계도 전전긍긍,1
195, 독점기업 발언에 사면초가 카카오업계도 전전긍긍,1
196,업비트 카카오 먹통으로 인한 거래 손실 및 수수료 보상할 것,1
197,카카오 대란에년 전 폐기된 데이터센터법 되살아났다,1
198,카카오 대란 부른 화재에 보험사도 불똥 삼성화재현대해상 각 최,1
199,카카오   먹톡 사태에 발목잡힌 실적보험사로 불똥,1
200,팀장시각 카카오 혁신의 민낯,1
201,카카오 화재 파장 공정위 플랫폼 독점사업자 규제 강화올해 내 ,1
202,카카오 리스크 틈새 파고든 은행 공동인증서주가 재평가 자신감 수,1
203,카카오 독과점 리스크 부각은행 공동인증서주가 재평가 자신감,1
204,카카오 다음 메일카카오페이 일 복구 완료 전망,1
205,카카오 메일 복구 완료다음 메일은 언제,1
206,카카오 다음 메일카카오페이 일 복구 완료 전망,1
207,카카오 메일 복구 완료다음 메일은 언제,1
208,영상카카오 먹통 카카오뱅크페이 대표 국감 추가 증인 채택,1
209,카카오 블랙아웃 메일 일 중 복구 완료 예상,1
210,카카오 독과점 리스크 부각은행 공동인증서주가 재평가 자신감,1
211,카카오 화재 파장 공정위 플랫폼 독점사업자 규제 강화올해 내 심,1
212,먹통 논란 카카오 급락 하루 만에 숨고르기목표가 하향 줄이어,1
213,카카오 손실 억원  카카오주주 손실 조원개미의 눈물,1
214,카카오 손실 억원  카카오주주 손실 조원개미의 눈물,1
215,카카오 분기 실적에 화재 영향 있을 듯목표가 만만원다,1
216,대통령까지 국가가 대응해야카카오 불통에 플랫폼 국감 규제 강화로,1
217,검은 월요일 보낸 카카오형제주가 계속 떨어질까,1
218,대통령까지 국가가 대응해야카카오 불통에 플랫폼 국감 규제 강화로,1
219,검은 월요일 보낸 카카오형제주가 계속 떨어질까,1
220,미리보는 이데일리 신문카카오와 헤어질 결심,1
221,미리보는 이데일리 신문카카오와 헤어질 결심,1
222,카카오 들어오세요정무위 카카오뱅크페이 대표 추가 증인 채택,1
223,신뢰도 주가도 와장창 카카오형제 검은 월요일,1
224,구글메타 등 글로벌 빅테크 기업 데이터센터 보안분산 수십조 투자 ,1
225,구글메타 등 글로벌 빅테크 기업 데이터센터 보안분산 수십조 투자 ,1
226,영상 카카오 먹통금감원 카카오 금융사 비상계획 점검,1
227,김범수 의장 국감 소환하게 한 카카오톡 먹통 사고위기의 카카오 해,1
228,정상화 수순 밟아가는 카카오톡다음카카오 메일은 복구 중,1
229,셀 리포트에 먹통 사태까지상승 기대 꺾인 카카오 형제,1
230,셀 리포트에 먹통 사태까지상승 기대 꺾인 카카오 형제,1
231,카카오 먹통 알고보니배터리 불꽃에서 화재 시작,1
232,카카오뱅크 카카오 관련 서비스 모두 정상화,1
233,현장+호통 국감 좀 덜하나 했더니카카오 사고에 또 총수 부,1
234,코스피 선 바라보며 강보합먹통 대란 카카오 대,1
235,카카오 억억 손실 추정증권가 주가 영향 불가피,1
236,증권가 카카오 주가 영향 불가피억억 손실 추정,1
237,카카오 대처 무능 그 자체소공연 자체 피해 접수센터 운영한,1
238,카카오 들어오세요정무위 카카오뱅크페이 대표 추가 증인 채택,1
239,카카오 먹통 부른   화재 주가도 주르륵,1
240,카카오에 억대 회사 매각 의 조언 창업자의 가지 자,1
241,카카오뱅크 카카오 관련 서비스 모두 정상화,1
242,불난집 카카오 와 상극 개미직원들 노란색 공포에 질렸,1
243,카카오 블랙아웃국회서도 카카오먹통방지법 마련 움직임,1
244,카카오 블랙아웃국회서도 카카오먹통방지법 마련 움직임,1
245,영업 멈춘 카카오 피해는 얼마증권가 최소 억원 이상 추산,1
246,카카오 대처 무능 그 자체소공연 자체 피해 접수센터 운영한다,1
247, 카카오 독과점 부작용 공정위 검토온라인플랫폼법 정부 규제로,1
248,카카오 대란 여파과방위 최태원김범수이해진 다 부른다,1
249,전례 없는 먹통 참사 카카오 목표주가도 개미들 눈물도 주르륵,1
250,카카오 데이터 화재 사건 관련  와 손해배상 논의 주,1
251,회사는 그렇게 잘 쪼개면서카카오 개미들 분노 종토방 온에어,1
252,카카오 쇼크플랫폼서비스 주가평가 다시 해야할 수,1
253,카카오 먹통에 웃는 반사이익 기대에 주가 급등,1
254,카카오 억억 손실 추정증권가 주가 영향 불가피,1
255,증권가 카카오 주가 영향 불가피억억 손실 추정,1
256,코스피 외인 사자 전환에 선 회복카카오 대,1
257,특징주바이브컴퍼니 카카오 마비 카카오 분사 세계유일  데이,1
258,특징주대신정보통신 까지 나선 카카오 화재에 반사이익 기대정부 ,1
259,카카오 음성인식 먹통된 현대차 자체 솔루션 마련한다,1
260,카카오 억억 손실 추정증권가 주가 영향 불가피,1
261,증권가 카카오 주가 영향 불가피억억 손실 추정,1
262,카카오 먹통 부른   화재 주가도 주르륵,1
263,먹통 대란에 카카오 형제 주가 급락세로 출발,1
264,증권가 카카오 주가 영향 불가피억억 손실 추정,1
265,카카오 데이터 화재 사건 관련  와 손해배상 논의 주,1
266,인플레에 다시 흔들린 증시 카카오 먹통 후폭풍뉴스새벽배송,1
267,카카오 성장 둔화에 목표가반등 여력 있다한국,1
268,카카오 성장 둔화에 목표가반등 여력 있다한국,1
269,반토막 주가에 먹통 사고라니내일이 두렵다 카카오 개미 덜덜,1
270,화재로 멈춘 카카오 주말 일상도 올스톱카카오 블랙아웃 사태,1
271,카카오 먹통 일상이 멈췄다 원인파악 사고 예방책 마련하,1
272,재해 속수무책주말 카카오 세상 블랙아웃,1
273,카카오 화재에 금감원 전 금융사 비상대응계획 재점검,1
274,카카오 먹통 국민 대혼란 여야의원 질타일문일답,1
275,이미 반토막인데월요일이 두려운 카카오 개미들,1
276,카카오 먹통 일상이 멈췄다 원인파악 사고 예방책 마련하라,1
277,재해 속수무책주말 카카오 세상 블랙아웃,1
278,카카오 홍은택 피해 만회되도록 충분히 보상하겠다,1
279,월요일이 무섭다  폭락 카카오 화재 먹통 피해보상 악재,1
280,카카오 먹통 사태에 카카오 개미 월요일이 두렵다,1
281,재해 속수무책주말 카카오 세상 블랙아웃,1
282,카카오 로그인 먹통된 업비트 자체 로그인 도입 한 달 앞두고 사,1
283,먹통사태 이전에 벌써카카오 김범수 올해 조원 주식 증발,1
284,카카오 로그인 먹통된 업비트 자체 로그인 도입 한 달 앞두고 사고,1
285,카카오 먹통에 월요일이 두려운 개미들다시 신저가,1
286,카카오 먹통 약 시간만에 다시 숨쉰 카톡,1
287,카카오 먹통 약 시간만에 다시 숨쉰 카톡,1
288,카카오 먹통 이용자들 카카오 공화국 폐해,1
289,네이버카카오 먹통에 온 국민 발동동언제 정상화되나요,1
290,카카오 먹통판교  화재에 카카오 올스톱네이버도 주춤,1
291,네이버카카오 먹통에 온 국민 발동동언제 정상화되나요,1
292,카카오 먹통 이용자들 카카오 공화국 폐해,1
293,카카오 먹통판교  화재에 카카오 올스톱네이버도 주춤,1
294,카카오 먹통 카톡택시포털 다음 모두 멈췄다,1
295,곡소리 났던 카카오 형제  날았다,1
296,카카오모빌리티 이동 데이터 분석 콘텐츠로 한국 사회 트렌드 보여준다,1
297,간밤 나스닥 훈풍에 네이버카카오 급등,1
298,형님 먼저 아우 먼저카카오 형제 나란히 신저가,1
299,고위관료들이 가장 많이 보유한 주식은 삼성전자위 카카오,1
300,형님 먼저 아우 먼저카카오 형제 나란히 신저가,1
301,고위관료들이 가장 많이 보유한 주식은 삼성전자위 카카오,1
302,카카오엔터프라이즈 글로벌 영어 기계독해 리더십 다졌다,1
303,카카오메이커스 온라인 금산인삼축제 개최,1
304,카카오엔터프라이즈 글로벌 영어 기계독해 리더십 다졌다,1
305,카카오메이커스 온라인 금산인삼축제 개최,1
306,네이버카카오 내부거래액 조대금융계열사도 폭증,1
307,카카오 목표주가 만원대 리포트 나왔다개미들 눈물만 뚝뚝,1
308,카카오 목표주가 만원대 리포트 나왔다개미들 눈물만 뚝뚝,1
309,올해 들어 시총 조원 날아간 네이버카카오어디까지 밀리나,1
310,네이버카카오 작년 각 조원대 내부거래년새 쑥 늘었네,1
311,대리기사와 상생 카카오 첫 단체교섭 합의,1
312,네이버카카오 작년 각 조원대 내부거래년새 쑥 늘었네,1
313,대리기사와 상생 카카오 첫 단체교섭 합의,1
314,카카오 또 무너지네 그룹주 모조리 신저가반토막 목표가도 등장,1
315,카카오 또 무너지네 그룹주 모조리 신저가반토막 목표가도 등장,1
316,포성에 산다 개미 카카오 저가매수 웃을 수 있을까,1
317, 국감복잡한 카카오 가맹수수료 거래구조 몸집 부풀리기,1
318,카카오모빌리티 플랫폼 최초 대리운전노조와 단체교섭 합의안 도출,1
319,카카오 매출 컨센서스 밑돌지만 이익 성장률은 회복세현대차증권,1
320,카카오 분기 실적 시장 추정치 밑돌 전망목표가,1
321,현대차증권 카카오 매출 성장 둔화에도 이익 성장률 개선 점진적 ,1
322,카카오 목표가 내리지만 이익 성장률 회복세현대차,1
323,카카오  매출 성장 둔화목표가 만만원 현대차,1
324,카카오 영업이익 성장률 회복연말 주가 반등 현대차,1
325,카카오 매출 컨센서스 밑돌지만 이익 성장률은 회복세현대차증권,1
326,카카오 분기 실적 시장 추정치 밑돌 전망목표가,1
327,현대차증권 카카오 매출 성장 둔화에도 이익 성장률 개선 점진적 ,1
328,카카오 목표가 내리지만 이익 성장률 회복세현대차,1
329,카카오  매출 성장 둔화목표가 만만원 현대차,1
330,카카오 영업이익 성장률 회복연말 주가 반등 현대차,1
331,카카오엔터가천대 빅데이터 인재양성 나서,1
332,카카오엔터프라이즈 가천대와  및 빅데이터 인재 양성,1
333,네이버카카오가 보험설계사 밥줄 끊는다 업계 갈등 최고조,1
334,웨이브에서도 카카오 오리지널 콘텐츠 볼 수 있다,1
335,네이버카카오가 보험설계사 밥줄 끊는다 업계 갈등 최고조,1
336,카카오엔터프라이즈 가천대와  및 빅데이터 인재 양성,1
337,웨이브에서도 카카오 오리지널 콘텐츠 볼 수 있다,1
338,남궁훈 카카오 각자대표 오는 일 공정위 국감 출석 밝혀,1
339,남궁훈 카카오 각자대표 오는 일 공정위 국감 출석 밝혀,1
340,손보 업계 최초 카카오내비 통해 안전운전 할인 특약 선봬,1
341,삼성전자네이버카카오 우리도 뛰겠다,1
342,네이버 이틀째 만원 선 무너져카카오 거래일 연속 신저가,1
343,네이버 이틀째 만원 선 무너져카카오 거래일 연속 신저가,1
344,카카오가 찜그립 감이 좋다,1
345,공시 라온피플 카카오브이엑스와 억원 규모 아크센서 공급계약,1
346,카카오 구원투수 남궁훈의 투병 고백,1
347,공시 라온피플 카카오브이엑스와 억원 규모 아크센서 공급계약,1
348,카카오 남궁훈 대표 지병 고백주 전부터 당뇨신경병증 앓아,1
349, 금리인상 여파에 네이버카카오 동반 급락마감시황,1
350, 금리인상 여파에 네이버카카오 동반 급락마감시황,1
351,넵튠 메타버스 컬러버스 사업 가속카카오엔터 이어 카겜과도 ,1
352,한없이 밀리는 성장주네이버카카오 이틀 연속 신저가,1
353,특징주 흔들리는 네이버카카오하루 만에 다시 주 신저가,1
354,네이버카카오  금리 인상에 또 무너져이틀 연속 동반 신저가,1
355,네이버카카오에 뿔난 보험대리점업계 일 광화문서 명 규모,1
356,대표 성장주 네이버카카오  경계감에 또 주 신저가,1
357,카카오네이버페이 등 간편결제송금 상반기  이상 성장,1
358,대표 성장주 네이버카카오  경계감에 또 주 신저가,1
359,중소상공인 온라인 판매 돕는 네이버카카오,1
360,공정위 카카오 콜 몰아주기 결론 앞두고모빌리티 업계 촉각,1
361,카카오로 현대차 자율주행택시 호출한다,1
362,카카오로 현대차 자율주행 택시 호출한다,1
363,중소상공인 온라인 판매 돕는 네이버카카오,1
364,공정위 카카오 콜 몰아주기 결론 앞두고모빌리티 업계 촉각,1
365,카카오로 현대차 자율주행택시 호출한다,1
366,카카오로 현대차 자율주행 택시 호출한다,1
367,  공포에네이버카카오 또 신저가,1
368,특징주트루윈 카카오 자율주행 택시 상용화현대차와 자율주행 ,1
369,올해 안에 카카오 에서 현대차 자율주행차량 부른다,1
370,카카오모빌리티현대차 연내 카카오서 자율주행 차량 호출,1
371,긴축 앞두고 긴장하는 성장주네이버카카오 신저가 추락,1
372,올해 안에 카카오 에서 현대차 자율주행차량 부른다,1
373,카카오모빌리티현대차 연내 카카오서 자율주행 차량 호출,1
374,긴축 앞두고 긴장하는 성장주네이버카카오 신저가 추락,1
375,증권사 어플도 삭제했다네이버카카오 주주의 절규 박의명의 불,1
376,증권사 어플도 삭제했다네이버카카오 주주의 절규 박의명의 불,1
377,금리인상에 휘청네이버카카오 올해 시총 조원 증발,1
378,카카오 롱코비드 극복 돕는 숨운동 서비스 공개,1
379,숨운동으로 롱코비드 극복하세요카카오,1
380,코로나 만성피로 계속된다면 카카오 숨운동 서비스 접속해보세요,1
381, 인재난에라이벌 카카오모빌리티맵 손잡았다,1
382,숨운동으로 롱코비드 극복하세요카카오,1
383,코로나 만성피로 계속된다면 카카오 숨운동 서비스 접속해보세요,1
384, 인재난에라이벌 카카오모빌리티맵 손잡았다,1
385,카카오엔터프라이즈 캐피탈에  챗봇 제공,1
386,보험 비교 플랫폼 사업 참여카카오네이버 등 개 저요,1
387,카카오엔터 해외법인손실채무과다프리에 부담,1
388, 물가지수 충격에 네이버카카오 대 급락네이버 주 신저가,1
389,네이버카카오  물가 충격 직격탄네이버 주 신저가,1
390,특징주  충격 네이버카카오 동반 급락네이버 장중 ,1
391,부랴부랴 파업독려 나선 금융노조카카오는  우리는 ,1
392,특징주  충격 네이버카카오 동반 급락네이버 장중 주,1
393,부랴부랴 파업독려 나선 금융노조카카오는  우리는 ,1
394,수리남 수혜주는 콘텐트리중앙 카카오,1
395,세대 잡아라네이버카카오 쇼트폼 경쟁,1
396,세대 잡아라네이버카카오 쇼트폼 경쟁,1
397,수해복구 관련주 코리아에스이 올해 배 급등네이버카카오는  ,1
398,일템 추석연휴 카카오웹툰 정주행 어때요카카오엔터,1
399,제주 휠체어 내비 카카오맵서도 본다,1
400,카카오제주도 교통약자 이동권 보장 업무협약,1
401,카카오제주도 교통약자 이동권 보장 업무협약,1
402,내수용 꼬리표 떼는 카카오 상반기 북미 매출 작년 배,1
403,아이투맥스 세일즈포스와 카카오 상담톡 연동 솔루션 무료체험 확대,1
404,대기업 미등기임원 평균연령 세네이버카카오 최연소,1
405,네이버카카오 추석 선물 대격돌온라인 민심 어디로,1
406,네이버카카오 추석 선물 대격돌온라인 민심 어디로,1
407,카카오엔터넵튠컬러버스 메타버스 동맹,1
408,메타버스서 공연소설 즐긴다카카오엔터넵튠컬러버스 사업 ,1
409,카카오엔터 넵튠컬러버스와 메타버스 협력 맞손,1
410,카카오엔터넵튠컬러버스 메타버스 동맹,1
411,메타버스서 공연소설 즐긴다카카오엔터넵튠컬러버스 사업 ,1
412,카카오엔터 넵튠컬러버스와 메타버스 협력 맞손,1
413,카카오 카카오임팩트 펠로우십명 선정,1
414,상생 힘주는 카카오 사회혁신가 명 선정인당 매달 만원 지,1
415,다시 요동치는 모빌리티 시장카카오티맵쏘카 삼국지,1
416,카카오 카카오임팩트 펠로우십명 선정,1
417,상생 힘주는 카카오 사회혁신가 명 선정인당 매달 만원 지,1
418,다시 요동치는 모빌리티 시장카카오티맵쏘카 삼국지,1
419,카카오 벤티 운행대수 대 돌파,1
420,택시 대란에 인기폭발카카오  벤티 대 넘었다,1
421,카카오  벤티 대 돌파월 이용자수  늘어,1
422,기업가치 두 배 띄운 티맵 카카오 점유율 간극은 언제 좁히나 혼란,1
423,택시 대란에 인기폭발카카오  벤티 대 넘었다,1
424,카카오  벤티 대 돌파월 이용자수  늘어,1
425,기업가치 두 배 띄운 티맵 카카오 점유율 간극은 언제 좁히나 혼란,1
426,인건비 절감 급한 카카오신입공채 두자릿수로 축소,1
427,카카오 소상공인 지원한달만에 지급액 억 넘어,1
428,네이버카카오도 보험상품 추천한다보험사들 빅테크에 종속될 것,1
429,카카오 소상공인 지원한달만에 지급액 억 넘어,1
430,네이버카카오도 보험상품 추천한다보험사들 빅테크에 종속될 것,1
431,카카오모빌리티 혼란했던 매각 무산 이후 다음 스텝은 혼란의 모빌리,1
432,증권 네이버카카오 대외환경 어렵지만 성장 지속할 것,1
433,손보 카카오내비와 안전운전 특약 출시,1
434,손보 업계 최초 카카오내비 통해 안전운전 할인 특약 선봬,1
435,네이버카카오도 보험상품 추천한다보험사들 빅테크에 종속될 것,1
436,카카오모빌리티 혼란했던 매각 무산 이후 다음 스텝은 혼란의 모빌리,1
437,증권 네이버카카오 대외환경 어렵지만 성장 지속할 것,1
438,손보 카카오내비와 안전운전 특약 출시,1
439,손보 업계 최초 카카오내비 통해 안전운전 할인 특약 선봬,1
440,카카오 우리동네 단골시장 곳 모집,1
441,카카오모빌리티 혼란했던 매각 무산 이후 다음 스텝은 혼란의 모빌리티,1
442,손보 카카오내비와 안전운전 특약 출시,1
443,손보 업계 최초 카카오내비 통해 안전운전 할인 특약 선봬,1
444,카카오 우리동네 단골시장 곳 모집,1
445,상반기 코스피  급락했는데카카오 임원 억원 받아,1
446,조수용여민수 카카오 전 대표 스톡옵션으로 억대 벌었다,1
447,카카오 전통시장 디지털 전환 돕는다소상공인 상생 강화,1
448,손보 업계 최초 카카오내비 통해 안전운전 할인 특약 선봬,1
449,카카오 우리동네 단골시장 곳 모집,1
450,상반기 코스피  급락했는데카카오 임원 억원 받아,1
451,조수용여민수 카카오 전 대표 스톡옵션으로 억대 벌었다,1
452,카카오 전통시장 디지털 전환 돕는다소상공인 상생 강화,1
453,파월 연설 후폭풍에 국내 증시 대 하락카카오  넘게 ,1
454,파월이 야속해네이버카카오 동반 급락 증시이슈,1
455,파월 연설 후폭풍에 국내 증시 대 하락카카오  넘게 ,1
456,상반기 코스피  급락했는데카카오 임원 억원 받아,1
457,조수용여민수 카카오 전 대표 스톡옵션으로 억대 벌었다,1
458,카카오 전통시장 디지털 전환 돕는다소상공인 상생 강화,1
459,파월이 야속해네이버카카오 동반 급락 증시이슈,1
460,구글애플메타 누른 카카오 내년엔 글로벌 진출,1
461,카톡 말고 프로젝트 나선 카카오바람 잠재울 수 있을까 홍키자의 ,1
462,구글애플메타 누른 카카오 내년엔 글로벌 진출,1
463,카톡 말고 프로젝트 나선 카카오바람 잠재울 수 있을까 홍키자의 ,1
464,인사이드 스토리다음 모바일홈 변경에 묻어난 카카오 고민,1
465,푸름웰니스 뮤즈 오나미와 마스크 카카오 쇼핑 라이브,1
466,카카오엔터 창작자 동반성장 실행에 옮긴다내달부터 카카오 창작재,1
467,카카오 모바일 다음 뉴스 개편이용자 선택권언론사 편집권 강화,1
468,이용자 선택권 강화카카오 모바일 다음 뉴스 개편,1
469,비욘드 코리아 순항하는데도 꿈쩍 않는 카카오 주가 빅테크 기업의 ,1
470,카카오픽코마  상장 내년으로 미룰 듯기업가치 조 목표,1
471,마켓워치카카오컴퍼니케이나우  학습 데이터 셀,1
472,마침내 카오 벗어날까하반기 들어  상승한 카카오,1
473,  카카오 형제들 연속 악재에 주가는 ,1
474,카카오에 남는 모빌리티 상생수익 두 토끼 잡는다,1
475,카카오에 남는 모빌리티 상생수익 엑셀 밟는다,1
476,카카오 카카오모빌리티 매각 안 한다 사회적 책임 다 할 것,1
477,유가증권시장 공시 카카오  에스디바이오센서  에너지 등,1
478,삼성전자신한지주카카오 외부감사는 누가될까감사인 자유 선임 대기,1
479,삼성전자신한지주카카오 외부감사는 누가될까감사인 자유 선임 대기,1
480,카카오에 남는 모빌리티 상생수익 엑셀 밟는다,1
481,카카오 카카오모빌리티 매각 안 한다 사회적 책임 다 할 것,1
482,카카오 카카오모빌리티 매각 안 한다 사회적 책임 다 할 것,1
483,올 상반기 억대 보수 받은 조수용여민수 카카오 전 대표,1
484,올 상반기 억대 보수 받은 조수용여민수 카카오 전 대표,1
485,카카오 기업집단 설명서 첫 발간 계열사 간 통합 진행,1
486,상반기 업계 보수 톱꼴찌 모두 카카오에서 나왔다,1
487,단독카모빌 협의체 공동 성장 위한 상생안 완성카카오에 공 넘긴,1
488,억억 받았다 카카오 전 대표들 스톡옵션 등 보수총액,1
489,카카오 기업집단 설명서 첫 발간 계열사 간 통합 진행,1
490,상반기 업계 보수 톱꼴찌 모두 카카오에서 나왔다,1
491,단독카모빌 협의체 공동 성장 위한 상생안 완성카카오에 공 넘긴,1
492,억억 받았다 카카오 전 대표들 스톡옵션 등 보수총액,1
493,카카오   억대 스톡옵션 잭팟,1
494,라이언과 춘식이가 돌아왔다카카오 라춘댄스 시즌 출격,1
495,단독카모빌 협의체 공동 성장 위한 상생안 완성카카오에 공 넘긴,1
496,라이언과 춘식이가 돌아왔다카카오 라춘댄스 시즌 출격,1
497,코스피 선 회복 네이버카카오 동반 상승 개장시황,1
498,카카오맵으로 부산 버스 실시간 위치 찾는다,1
499,카카오맵 부산에서도 초정밀 버스 위치 정보 제공,1
500,여성 인재 육성 아모레 조직문화 혁신은 네이버카카오 주목,1
501,단독 카카오 구독 년 만에 ,1
502,단독 카카오 구독 년 만에 ,1
503,당근마켓을 발굴한 카카오벤처스가 우주에 관심을 갖는 이유멘토뷰,1
504,카카오커머스 개월 만에 다시 본사와 분리,1
505,개미는 탈출하는데네이버카카오 한 달 새  찐반등,1
506,카카오실적 선방본사 가치제고 가능성 확인 다올,1
507,하루에  뛴 카카오국민주 네이버카카오의 부활,1
508,하루에  뛴 카카오국민주 네이버카카오의 부활,1
509,카카오 달콤쌉싸름한 실적 신기록카카오 확 바꾼다,1
510,프사에 좋아요 남긴다카카오 인스타처럼,1
511,역대 최대 실적에도 긴장감 도는 카카오 내실경영 총력,1
512,분기 최고 실적 냈지만 광고 성장 둔화카카오 오픈채팅으로 돌파,1
513,그래도 잘 버틴 카카오 하반기 새로운 카톡으로 도전장,1
514,카카오 계열사 고른 성장에 주가도카카오 하반기 성장 동력은,1
515,역대급 실적에도 불안한 카카오카카오톡 개편,1
516,카카오 분기 영업이익 억원전년 ,1
517,카카오 일 기업설명회 개최,1
518,코스피 상승 카카오 개월만에 만원대 회복 마감시황,1
519,역대 최대 실적에도 긴장감 도는 카카오 내실경영 총력,1
520,분기 최고 실적 냈지만 광고 성장 둔화카카오 오픈채팅으로 돌파,1
521,그래도 잘 버틴 카카오 하반기 새로운 카톡으로 도전장,1
522,분기 최고 실적 냈지만 광고 성장 둔화카카오 오픈채팅으로 돌파구,1
523,특징주 카카오 실적 선방미국 훈풍에 상승세,1
524,특징주 카카오  실적 예상치 부합대 상승,1
525,카카오 분기 영업이익 억원전년 ,1
526,카카오  영업이익 억원전년  증가,1
527,카카오메이커스 누적거래 억 돌파 가파른 성장세,1
528,카카오메이커스 누적거래액 억 돌파선한 영향력 확산,1
529,카카오메이커스 누적 거래액 억 돌파,1
530,카카오메이커스 거래액 억 달성임팩트 커머스 도약,1
531,카카오  시인으로 데뷔한다시를 쓰는 이유 일 출간,1
532,카카오메이커스 누적거래 억 돌파 가파른 성장세,1
533,카카오메이커스 누적거래액 억 돌파선한 영향력 확산,1
534,카카오메이커스 누적 거래액 억 돌파,1
535,카카오메이커스 거래액 억 달성임팩트 커머스 도약,1
536,카카오  시인으로 데뷔한다시를 쓰는 이유 일 출간,1
537,네이버카카오에 부는 훈풍실적발표 후에도 계속될까,1
538,코스피 선 반갑다네이버카카오 동반강세에 개미 환호,1
539, 주춤한 카카오 금융카카오페이 또 적자 전망,1
540,네이버카카오 나스닥 훈풍에 주가 웃음꽃,1
541,네이버 카카오  동반 급등다시 성장주 시대 돌아올까,1
542,카카오메이커스 거래액 억 달성임팩트 커머스 도약,1
543,네이버카카오에 부는 훈풍실적발표 후에도 계속될까,1
544,코스피 선 반갑다네이버카카오 동반강세에 개미 환호,1
545, 주춤한 카카오 금융카카오페이 또 적자 전망,1
546,네이버카카오 나스닥 훈풍에 주가 웃음꽃,1
547,네이버 카카오  동반 급등다시 성장주 시대 돌아올까,1
548,코스피 선 출발 네이버카카오 대 개장시황,1
549,카카오스타일 패션바이카카오 거래액 반년 새 배 증가,1
550,카카오스타일 패션바이카카오 거래액 배 증가,1
551,네이버카카오 나스닥 훈풍에 동반 상승,1
552,네이버카카오 나스닥 훈풍에 동반 상승,1
553,카카오스타일 패션바이카카오 거래액 배 증가,1
554,카카오모빌리티 지분매각 추진 유보사회적 책임 이행,1
555,카카오모빌리티 카카오에 매각 유보 요청사회와 함께 성장할 방안 ,1
556,기술윤리 공들이는 카카오 알고리즘 투명성 강화,1
557,카카오 국내 기업 첫 기술윤리위 신설,1
558,카카오 국내 기업 최초로 기술윤리 위원회 신설,1
559,대리운전노조 카카오모빌리티 팔지 마라 사회적 책임 다해야,1
560,카카오 기술윤리 위원회 신설국내 기업 최초,1
561,삼성전자 네이버 카카오 주식 물렸다면 여윳돈과 이 때가 매수 적기,1
562,단독 택시 대란에 카카오  벤티 법인택시 년 만에 다시 달린다,1
563,분기 실적 발표 앞두고네이버 팔고 카카오 사는 개미들,1
564,행복얼라이언스 카카오메이커스와 방학 중 결식우려아동 지원,1
565,카카오모빌리티 카카오에 매각 유보 요청사회와 함께 성장할 방안 내,1
566,카카오 기술윤리 위원회 신설국내 기업 최초,1
567,삼성전자 네이버 카카오 주식 물렸다면 여윳돈과 이 때가 매수 적기,1
568,카카오 국내 기업 첫 기술윤리위 신설,1
569,카카오 국내 기업 최초로 기술윤리 위원회 신설,1
570,단독 택시 대란에 카카오  벤티 법인택시 년 만에 다시 달린다,1
571,분기 실적 발표 앞두고네이버 팔고 카카오 사는 개미들,1
572,행복얼라이언스 카카오메이커스와 방학 중 결식우려아동 지원,1
573,행복얼라이언스 카카오메이커스와 방학 중 결식우려아동 지원,1
574,국내  연합체 탄생카카오부터 스타트업까지 여곳 참여,1
575,카카오 그라운드 여개 기업과  연합체 꾸렸다,1
576,네이버카카오의 보험 야심작어떤게 더 좋을까 보험톡톡,1
577,카카오 그라운드 여개 기업과  연합체 꾸렸다,1
578,특징주 나스닥 훈풍에 네이버 대 강세카카오  가까이 상승,1
579,첫 구내식당서 점심 먹고 마사지 받아요카카오 신사옥 가보니르포,1
580,특징주 네이버카카오 나스닥 급등에 대 ,1
581,코스피 선 회복 네이버카카오 동반 상승 개장시황,1
582,네이버카카오 동반 상승나스닥 반등에 함박웃음,1
583,특징주 네이버카카오  대 동반 상승 증시 훈풍,1
584,네이버카카오 동반 대 강세 오른 나스닥에 웃었다,1
585,시험대 오른 카카오 투톱모빌리티 지분매각 돌파구 찾나,1
586,카카오 뉴 리더십 시험대 모빌리티 매각 진퇴양난,1
587,카카오 목표주가 만원만원 뚝콘텐츠에 성장 달렸다,1
588,매각 향방은카카오 오늘 모빌리티 전직원과 간담회,1
589, 금리인상 과도네이버 장중 대 카카오도 상승,1
590,카카오 목표주가 만원만원 뚝콘텐츠에 성장 달렸다,1
591,매각 향방은카카오 오늘 모빌리티 전직원과 간담회,1
592, 금리인상 과도네이버 장중 대 카카오도 상승,1
593,매각 향방은카카오 오늘 모빌리티 전직원과 간담회,1
594,네이버카카오 분기 실적 성장세 둔화하반기 반등 기대해도 될까,1
595,카카오 사회적책임 강화 나섰다 남궁훈홍은택 투톱체제로 전환,1
596,카카오 새 각자 대표에 김범수 복심 홍은택 선임,1
597,속사정 복잡한 카카오 달 반 만에 다시 투톱 체제,1
598,카카오 남궁훈홍은택 각자대표 전환 강화,1
599,카카오 남궁훈홍은택 각자대표 전환사회적책임 강화 차원,1
600, 물가 충격에 카카오 형제 일제히 급락카카오뱅크 ,1
601,카카오 목표주가 만만미래,1
602,카카오 남궁훈홍은택 각자대표 전환사회적책임 강화 차원,1
603, 물가 충격에 카카오 형제 일제히 급락카카오뱅크 ,1
604,카카오 목표주가 만만미래,1
605,카카오 분기 실적 하회 전망목표가 만원만천원 현대,1
606,카카오 하반기 중 강한 반등 트리거 찾기 어려워목표주가 ,1
607,카카오 주가 밸류 메리트 낮아목표가 만만원 현대,1
608,카카오 낮아진 성장률밸류메리트도 크지 않아현대차,1
609,카카오 주가 밸류 메리트 낮아목표가 만만원 현대차,1
610,카카오 낮아진 성장률밸류메리트도 크지 않아현대차,1
611,카카오 낮아지는 기업가치목표가대신,1
612,모빌리티 매각에 반기 든 카카오 노조 사회적 책임경영 먼저,1
613,종목속으로 차 떼고 포 떼고카오 버티는 카카오,1
614,모빌리티 매각에 반기 든 카카오 노조 사회적 책임경영 먼저,1
615,종목속으로 차 떼고 포 떼고카오 버티는 카카오,1
616,모빌리티 매각설 진통 지속카카오 다시 폭풍전야,1
617,네이버카카오쿠팡 만난 총리데이터 법 개선안 신속히 마련,1
618,네이버카카오쿠팡 만난 총리데이터 법 개선안 신속히 마련,1
619,카카오네이버 만난 한 총리 데이터 규제 개선모든 과제 시급,1
620,카카오 서울 일러스트레이션 페어 참가이모티콘 창작자 응원,1
621,카카오 서울 일러스트레이션 페어 참가이모티콘 창작자 응원,1
622,카카오 카카오모빌리티 지분 대 매각 검토 중주목 공시,1
623,시그널 외우내환 휩싸인 카카오 빅딜팀 원년 멤버 재영입,1
624,국내 최초 의료데이터 청산카카오헬스케어 힘준다,1
625,카카오 카카오모빌리티 지분 대 매각 검토 중주목 공시,1
626,시그널 외우내환 휩싸인 카카오 빅딜팀 원년 멤버 재영입,1
627,국내 최초 의료데이터 청산카카오헬스케어 힘준다,1
628,기름값이 폭락했다   급락하자카카오 주식 웃었,1
629,카카오모빌리티 매각 반대 운동 재개다시 불붙은 노사 갈등,1
630,카카오노조 모빌리티 매각 반대 서명운동 재개사측은 매각 의지 확,1
631,카카오모빌리티 매각 반대 운동 재개다시 불붙은 노사 갈등,1
632,카카오노조 모빌리티 매각 반대 서명운동 재개사측은 매각 의지 확,1
633,카카오 형제 볕드나카카오카뱅카페 사흘째 상승 마감,1
634,카카오엔터 첫 회사채 발행년 만기 억원 규모,1
635,카카오메이커스 제가버치 프로젝트 입점 파트너 모집,1
636,카카오메이커스 농축산물 판로 여는 제가버치 파트너 모집,1
637,카카오메이커스 제가버치 프로젝트 입점 파트너 모집,1
638,카카오메이커스 농축산물 판로 여는 제가버치 파트너 모집,1
639,현대백 초대형 화면서 카카오엔터 팝 나온다,1
640,현대백화점면세점 카카오엔터테인먼트와 컬쳐 콘텐츠 제휴,1
641,웹소설이 웹툰게임으로 무한확장 네이버카카오 슈퍼 시대 ,1
642,카카오엔터 나혼렙  유명 제작사 손잡고 애니메이션화,1
643,웹소설이 웹툰게임으로 무한확장 네이버카카오 슈퍼 시대 ,1
644,카카오엔터 나혼렙  유명 제작사 손잡고 애니메이션화,1
645,삼성전자네이버카카오 더 빠진다 지금은 여기에 주목할 때,1
646,카카오손보 협회 회원 가입 완료유일 디지털손보 정회원사 등록,1
647,모빌리티 매각설 진통 카카오  컨트롤타워 역할 커졌다,1
648,모빌리티 매각설 후 어깨 무거워진 카카오 컨트롤타워 역할 증명,1
649, 정확도 높아질 것티맵카카오모빌리티도 주목,1
650,대학생이 가장 일하고 싶은 기업은카카오 년 연속 위,1
651,카카오셀트리온생건위기 속 더 돋보이는 의 힘,1
652,대학생이 가장 일하고 싶은 기업은카카오 년 연속 위,1
653,카카오셀트리온생건위기 속 더 돋보이는 의 힘,1
654,프런티어 카카오 한국어 이해력 최고찰떡같이 알아듣죠,1
655,개미 금기어 된 삼전카카오반려주식 죽기 전엔 팔 수 있을까,1
656,김범수 대주주가 나서라카카오노조 모빌리티 매각 면담요청,1
657,카카오 시총 위 탈환네이버와 나란히 대 반가운 상승,1
658,김범수 대주주가 나서라카카오노조 모빌리티 매각 면담요청,1
659,개월만에 구독자 네이버식 구독 서비스 카카오 빈틈 잘 노,1
660,신저가 행진에 올해 시총 조 증발한 카카오 형제개미들 피눈물,1
661,카카오 년 만에 시총 위권 밖으로,1
662,전자 카카오모빌리티와 자율주행기술 협력,1
663,전자 카카오모빌리티와 새로운 모빌리티 기술서비스 발굴 나선다,1
664,특징주카카오 시가총액 위권 밖으로기아와 역전,1
665,카카오 소상공인상생 신설전통시장에 튜터 파견한다,1
666,특징주카카오 시가총액 위권 밖으로기아와 역전,1
667,카카오 소상공인상생 신설전통시장에 튜터 파견한다,1
668,전자 카카오모빌리티와 로봇배송 협력,1
669,전자 카카오모빌리티와 새로운 모빌리티 기술서비스 발굴 나선다,1
670,전자 카카오모빌리티와 새로운 모빌리티 기술서비스 발굴 나선다,1
671,카카오 소상공인상생 신설전통시장에 튜터 파견한다,1
672,전자 카카오모빌리티와 로봇배송 협력,1
673,특징주 한은 금리인상 시사네이버카카오 약세,1
674,국민주 카카오 년 만에 시총 톱 밖으로 밀려나,1
675,네이버 거래일만에 상승카카오도 거래일만에 소폭 반등,1
676,국민주 카카오 년 만에 시총 톱 밖으로 밀려나,1
677,네이버 거래일만에 상승카카오도 거래일만에 소폭 반등,1
678,   카카오 관심사 타고 모든 지구인 연결,1
679,년새  급락한 카카오또 빠져 매일 신저가 충격,1
680,년새  급락한 카카오또 빠져 매일 신저가 충격,1
681,티맵 대리운전 호출중개 업체 인수대리운전 시장 카카오티맵으로 양분,1
682,눈물까지 흘린 카카오모빌리티 대표직원 반응은 싸늘 슈,1
683,카카오 격주놀금 또 파격실험들끓은 민심 진화될까,1
684,카카오 격주놀금 또 파격실험들끓은 민심 진화될까,1
685,카카오 폐인 됐다 고점 대비 대표가 저점매수 한들,1
686,특징주 삼전네이버카카오 줄신저가동학개미 눈물,1
687,특징주 삼전네이버카카오 줄신저가동학개미 눈물,1
688,카카오모빌리티 정말 매각될까 업계 추측 엇갈려,1
689,카카오 이익 성장 본격화해야 의미있는 주가 상승목표가한화,1
690,증권 카카오 실적 양호하나 카카오모빌리티 매각 등 변수 발목목,1
691,카카오 실적 양호하나 외부변수 작용목표가  ,1
692,카카오 불확실성에도 실적 성장 기대목표가 만원증권,1
693,카카오 카카오모빌리티 매각설에 여러 방안 검토 중주목 공시,1
694,네이버카카오 신저가 또 신저가 기록빅테크의 굴욕,1
695,삼성카카오네이버 등 취업 등용문 이곳벌써 명 배출,1
696,카카오 카카오모빌리티 매각 검토사모펀드와 협상 중,1
697,카카오 카카오모빌리티 매각설에 여러 방안 검토 중주목 공시,1
698,삼성카카오네이버 등 취업 등용문 이곳벌써 명 배출,1
699,카카오 카카오모빌리티 매각 검토사모펀드와 협상 중,1
700,카카오 형제 나란히 신저가코스피 년 개월만에 선 붕,1
701,카카오 카카오모빌리티 매각 검토사모펀드와 협상 중,1
702,카카오 형제 나란히 신저가코스피 년 개월만에 선 붕,1
703,페이 울고 뱅크 웃고엇갈린 카카오 핀테크,1
704, 인플레 공포에네이버카카오 또 주 신저가,1
705,페이 울고 뱅크 웃고엇갈린 카카오 핀테크,1
706, 인플레 공포에네이버카카오 또 주 신저가,1
707,흔들리는 성장주네이버카카오 또 주 신저가,1
708,해외 여행도 카카오로 카카오모빌리티 카카오 항공 국제선 오,1
709,해외 여행도 카카오로 카카오모빌리티 카카오 항공 국제선 오,1
710,대표 성장주 네이버카카오 모조리 박살났다동반 주 신저가,1
711,갤럭시코퍼레이션카이스트 기술경영전문대학원 메타버스 최고경영자,1
712,카카오디즈니 잘나가는 서비스 모두 우리 손 거쳤죠 유망 중기,1
713,카카오모빌리티 당근마켓 이용자 보호업무 평가 받는다,1
714,카카오웹툰 징크스의 연인 드라마로 나온다,1
715,카카오디즈니 잘나가는 서비스 모두 우리 손 거쳤죠 유망 중기,1
716,카카오모빌리티 당근마켓 이용자 보호업무 평가 받는다,1
717,카카오웹툰 징크스의 연인 드라마로 나온다,1
718,카카오 단기적인 실적 개선은 어렵지만목표주가 만원 삼성,1
719,문어발 확장주가 급락규제 리스크빨간불 켜진 카카오의 성장 엔진,1
720,베일 벗은 카카오 유니버스남궁훈 메타버스 재정의,1
721,카카오 단기적인 실적 개선은 어렵지만목표주가 만원 삼성,1
722,문어발 확장주가 급락규제 리스크빨간불 켜진 카카오의 성장 엔진,1
723,베일 벗은 카카오 유니버스남궁훈 메타버스 재정의,1
724,보복 회식 늘더니카카오 사용자 역대 최다 찍었다,1
725,남궁훈 마블 세계관처럼카카오 유니버스 만든다,1
726,카카오 전세계가 연결되는 가상 놀이터 만든다 베일 벗은 카카,1
727,카카오공동체를 마블처럼 베일 벗은 카카오식 메타버스,1
728,온라인 위 노리는 카카오손보대형사년차 이상 인재 모셔라,1
729,카카오 전세계가 연결되는 가상 놀이터 만든다 베일 벗은 카카오,1
730,카카오공동체를 마블처럼 베일 벗은 카카오식 메타버스,1
731,온라인 위 노리는 카카오손보대형사년차 이상 인재 모셔라,1
732,넵튠의 컬러버스 카카오 메타버스 비전에 합류,1
733,인간지능과 의 만남 네이버카카오엔터프라이즈 전략은 ,1
734,   네이버카카오엔터프라이즈  핵,1
735,국민주였는데 반토막도 더난 카카오이번엔 오를까,1
736,코스피 기관 매수세에 선카카오 대 상승세,1
737,카카오메이커스 환경의 날 맞이 꿀벌 살리기 기부 기획전 진행,1
738,코스피 상승 출발 네이버카카오 동반 강세 개장시황,1
739,카카오 톡비즈네트워크 사업 매출 성장률 견인한국,1
740,단독 카카오 이번엔 탁송 콜 대리시장 뛰어든다,1
741,한때 주식부호 위 카카오 김범수 위로주식 가치 조 줄어,1
742,한때 위였는데카카오 김범수 주식 평가액 연초보다 조 줄었다,1
743,우리도 카카오처럼 캐릭터 개발에 공들이는 은행들,1
744,친환경 실천하면 카카오가 기부해드려요,1
745,카카오같이가치 친환경 행동 인증시 원 기부,1
746,카카오 메타버스 근무제 발표 하루 만에남궁 대표 전격 재검토,1
747,단독 카카오 메타버스 근무제 발표 하루만에룰 재검토,1
748,우리도 카카오처럼 캐릭터 개발에 공들이는 은행들,1
749,친환경 실천하면 카카오가 기부해드려요,1
750,카카오같이가치 친환경 행동 인증시 원 기부,1
751,카카오 메타버스 근무제 발표 하루 만에남궁 대표 전격 재검토,1
752,단독 카카오 메타버스 근무제 발표 하루만에룰 재검토,1
753,카카오 월부터 메타버스 근무제 시행물리적 공간 뛰어 넘어 ,1
754,카카오 메타버스 근무제 상시 원격 연결 핵심,1
755,카카오 메타버스 근무제 도입한다원하는 장소에서 근무,1
756,티맵으로 수소충전소 정보 가능네이버지도카카오내비 확대,1
757,티맵서도 수소충전소 정보 뜬다네이버카카오 확대,1
758,카카오 메타버스 근무제 상시 원격 연결 핵심,1
759,카카오 메타버스 근무제 도입한다원하는 장소에서 근무,1
760,티맵으로 수소충전소 정보 가능네이버지도카카오내비 확대,1
761,티맵서도 수소충전소 정보 뜬다네이버카카오 확대,1
762,자율주행 차가 사람물건 다 나른다카카오 실증사업 참여,1
763,카카오 컨소시엄 대구서 여객물류 통합 자율주행 실증,1
764,김범수 카카오 창업자 브라이언임팩트재단 이사직도 사임,1
765,자율주행 차가 사람물건 다 나른다카카오 실증사업 참여,1
766,티맵서도 수소충전소 정보 뜬다네이버카카오 확대,1
767,카카오 컨소시엄 대구서 여객물류 통합 자율주행 실증,1
768,김범수 카카오 창업자 브라이언임팩트재단 이사직도 사임,1
769,김범수 카카오 창업자 대표 직함 다 뗐다,1
770,카카오 출시 년만에 제휴 골프장 전국 곳 돌파,1
771,플랫폼 생태계 보호 나선 카카오모빌리티전담 조직도,1
772,코스피 선 출발 네이버카카오 대 상승 개장시황,1
773,코스피코스닥 동반 상승네이버 카카오 위메이드 강세,1
774,대기업 대리운전업 진출 년간 금지기존 카카오티맵도 사업 확장 ,1
775,카카오의 위태로운 시총 순위 지키기 증시이슈,1
776,대기업 대리운전 신규 진출 제한카카오티맵 확장 제동종합,1
777,카카오 대리운전 사업 확장 막힌다 적합업종 지정,1
778,대기업 대리운전 신규 진출 제한카카오티맵 어떻게,1
779,대리운전  적합업종 지정카카오티맵 등 대기업 사업확장 제한,1
780,대리운전도 중소기업 적합업종카카오티맵 사업확장 어려워져,1
781,동반위 대리운전  적합업종 논의카카오티맵 사업 제동걸리나,1
782,대리운전 중소기업 적합업종 지정카카오티맵 사업 확장 제한,1
783,대기업 대리운전 신규 진출 제한카카오티맵 어떻게,1
784,대리운전  적합업종 지정카카오티맵 등 대기업 사업확장 제한,1
785,동반위 대리운전  적합업종 논의카카오티맵 사업 제동걸리나,1
786,소공연 카카오티맵 상생 나서야온라인 플랫폼 공정화법 제정을,1
787,소공연 카카오티맵 대리운전 소상공인 생존권 위협,1
788,나스닥 급락에네이버카카오 또 신저가 경신,1
789,나스닥 급락에네이버카카오 또 신저가 경신,1
790, 나스닥 급락에 네이버카카오 동반 신저가 넘게 추락,1
791,나스닥 급락에네이버카카오 또 신저가 경신,1
792,나스닥 급락에네이버카카오 또 신저가 경신,1
793, 나스닥 급락에 네이버카카오 동반 신저가 넘게 추락,1
794,네이버카카오 등 전자금융 결제수수료 개월마다 공시,1
795,년에 두 번씩 카카오네이버페이도 수수료율 공시한다,1
796,카카오 종속사 래디쉬 미디어 타파스 미디어 흡수합병,1
797,카카오엔터 래디쉬 타파스 흡수합병 주목 공시,1
798,나스닥 급락에네이버카카오 또 신저가 경신,1
799, 나스닥 급락에 네이버카카오 동반 신저가 넘게 추락,1
800,년에 두 번씩 카카오네이버페이도 수수료율 공시한다,1
801,카카오 종속사 래디쉬 미디어 타파스 미디어 흡수합병,1
802,카카오엔터 래디쉬 타파스 흡수합병 주목 공시,1
803,코스피 선 무너져 네이버카카오 신저가 개장시황,1
804, 나스닥 급락에 네이버카카오 동반 신저가 넘게 추락,1
805,코스피 선 무너져 네이버카카오 신저가 개장시황,1
806,특징주 인플레 충격에 또 주저앉은 성장주 네이버카카오  ,1
807,네이버 카카오 위메이드성장 주도할 키워드는,1
808,경단녀  네이버카카오에서 재취업 교육 희망,1
809,카카오모빌리티 하늘길 사업 진출한다 컨소시엄 출범,1
810,카카오모빌리티 국내외 기업과  컨소시엄 꾸렸다,1
811,카카오 알고리즘 윤리헌장 프라이버시 보호 강화된다,1
812,마켓인글로벌카카오벤처스 중고 전자기기 거래 세기전파상 ,1
813,공모주 인사이드 장외 몸값 조 카카오모빌리티 코스피 채비,1
814,대통령 취임식날 반토막카카오 층 주주의 절규,1
815,국토부 청와대 지역 정보 카카오에 제공하는 까닭은,1
816,물류분야 카카오 나섰다 브로캐리 론칭,1
817,무너진 카카오 신화카카오그룹 올들어 조 증발,1
818,남궁훈 대표 평생 최저임금 받을 판카카오 잇단 하락에 개미들 분통,1
819,남궁훈 대표 평생 최저임금 받을 판카카오 잇단 하락에 개미들 분통,1
820,반토막 난 카카오대표 성장주도 금리인상에 발목,1
821,반토막난 카카오 형제들반등 언제쯤금나와라 뚝닥,1
822,카카오 목표주가 줄하향비우호적 시장 상황 단기 극복 어려워,1
823,네이버 신저가 카카오 휘청 나스닥 급락에 출렁이는 국내 ,1
824,나스닥 급락에 네이버카카오 주가 휘청,1
825,유안타증권 카카오 계열사 고성장 지속 목표주가 만 원,1
826,카카오 고성장 지속해외매출 확대시 기업가치 증가유안타,1
827,원 벌어 인건비로 원 쓴 카카오개발자 인력난에 업계 ,1
828,개발자 연봉 확 올리더니카카오엔씨 인건비 부담되네,1
829,인건비 부담에 수익성 주춤한 카카오남궁훈 카카오톡 체질변화 예고,1
830,카카오 년새 인건비  뛰어현대 노조는 임금 갈등에 파업,1
831,잘나가던 카카오 형제 실적도 주가도 시원찮네,1
832,성장 멈춘 카카오 분기만에 매출 뒷걸음,1
833,네이버카카오가 동시 찜한 독해력 향상 솔루션 롯데도 베팅,1
834,인건비 부담에 수익성 주춤한 카카오남궁훈 카카오톡 체질변화 예고,1
835,카카오 년새 인건비  뛰어현대 노조는 임금 갈등에 파업,1
836,잘나가던 카카오 형제 실적도 주가도 시원찮네,1
837,성장 멈춘 카카오 분기만에 매출 뒷걸음,1
838,네이버카카오가 동시 찜한 독해력 향상 솔루션 롯데도 베팅,1
839,방장도 돈 벌 수 있게 남궁훈표 카카오 대전환 시작종합,1
840,카카오 분기 실적 전부문 고르게 성장했지만증권가 예상치 하회에,1
841,카카오 올해 분기 매출 조억전년 대비 ,1
842,방장도 돈 벌 수 있게 남궁훈표 카카오 대전환 시작종합,1
843,카카오 분기 실적 전부문 고르게 성장했지만증권가 예상치 하회에,1
844,카카오 올해 분기 매출 조억전년 대비 ,1
845,전 사업 고른 성장카카오 분기 매출 전년비  증가 종합,1
846,카카오 분기 매출 조억원 영업이익 억원,1
847,전 부문 고르게 성장한 카카오분기 영업익 억원,1
848,시장 불확실성에도 성장 전망영업이익률 두자릿수 유지카카오 컨콜,1
849,카카오 예상치 밑돈 실적에도 강세한때 만원 회복,1
850,코스피 선 회복 카카오 대 강세 개장시황,1
851,카카오 올해 분기 매출 조억전년 대비 ,1
852,카카오 매출액 조억원전년 주목 공시,1
853,비즈보드 성장세 견조광고 솔루션 외부 제공카카오 컨콜,1
854,커머스 시너지 낸다통합 거래액 조원카카오 컨콜,1
855,전 사업 고른 성장카카오 분기 매출 전년비  증가 종합,1
856,카카오 분기 매출 조억원 영업이익 억원,1
857,전 부문 고르게 성장한 카카오분기 영업익 억원,1
858,카카오 분기 매출 조억원 영업이익 억원,1
859,전 부문 고르게 성장한 카카오분기 영업익 억원,1
860,조은혁 카카오모빌리티 플랫폼 팀장 공유 자전거 늘면 자전거 도로 ,1
861,카카오 사업강화 물류 플랫폼    ,1
862,조은혁 카카오모빌리티 플랫폼 팀장 공유 자전거 늘면 자전거 도로 ,1
863,카카오 사업강화 물류 플랫폼    ,1
864,국민 카카오 형제들의 내리막길야속한 주가에 개미 눈물,1
865,카카오 디지털 선도기업 아카데미 운영전문 인재 양성 돌입,1
866,카카오 사업강화 물류 플랫폼    출,1
867,카카오 디지털 선도기업 아카데미 운영전문 인재 양성 돌입,1
868,긴장하는 네이버카카오인수위 경고장 파급력은,1
869,긴장하는 네이버카카오인수위 경고장 파급력은,1
870,카카오 프렌즈 아카데미 론칭 년 만에 호점 돌파,1
871,지니너스카카오헬스케어 국민 전주기 건강관리 위한  체결,1
872,일일이 손으로 세야 해알약 카운팅 앱 카카오도 반했다 김종우,1
873,특징주예스 메쉬코리아 부릉 네이버카카오 잇단 러브콜 ,1
874,메쉬코리아부릉 네이버와 카카오에서 잇단 러브콜 받아,1
875,파랗게 질린 코스피 네이버카카오 대 약세 개장시황,1
876,스토아 카카오와 함께 프렌즈 스크린 골프대회 개최,1
877,스토아 카카오와 프렌즈 스크린 골프대회 개최,1
878,스토아 카카오와 프렌즈 스크린 골프대회 개최,1
879,메쉬코리아부릉 네이버와 카카오에서 잇단 러브콜 받아,1
880, 긴축에 고꾸라진 성장주네이버카카오 올 들어 시총 조원 증발,1
881,미래 푸드테크 삼성네이버카카오도 진출할 것,1
882,소상공인 파트너와 성장하는 톡스토어카카오,1
883,카카오 년까지 온실가스 순배출량  만든다,1
884,카카오 공동체  가입 추진 강화,1
885,카카오 년까지 온실가스 순배출량  만든다,1
886,카카오 공동체  가입 추진 강화,1
887,외국인이 사랑한 그룹주는 현대차삼성카카오 외면,1
888,카카오웹툰 인도네시아 진출아세안으로 확장,1
889,코로나 대면진료 외래센터 네이버카카오로 검색 가능,1
890,카카오웹툰 인도네시아 진출아세안으로 확장,1
891,코로나 대면진료 외래센터 네이버카카오로 검색 가능,1
892,막히면 돌아서 똑똑셀트리온카카오 가능했던 이유,1
893,카카오엔터프라이즈 오롤리데이 메타버스 플랫폼 구축 돕는다,1
894,카카오엔터프라이즈 오롤리데이 메타버스 플랫폼 구축 돕는다,1
895,공정위 콜몰아주기 의혹 카카오모빌리티 제재 착수,1
896,공정위 카카오모빌리티 콜 몰아주기 제재 착수 정부서 결론,1
897,카카오모빌리티 가맹택시에 콜 몰아줬다 공정위 제재 착수,1
898,개미 살려라미국 긴축 공포에 네이버카카오 주가 출렁,1
899,카카오모빌리티 가맹택시에 콜 몰아줬다 공정위 제재 착수,1
900,개미 살려라미국 긴축 공포에 네이버카카오 주가 출렁,1
901,네이버 엔터 인수전 손 뗐다카카오 파전,1
902,단독 네이버카카오구글까지 다 찜했다여기 모르면  아니라는데,1
903,카카오 업계 첫 디지털 접근성 책임자 둔다,1
904,카카오 디지털 서비스 문턱 낮춘다국내  기업 최초 디지털 접,1
905,장애인의 날 카카오 업계 첫 디지털접근성 책임자 선임,1
906,카카오 국내 기업 최초로 디지털 접근성 책임자 선임,1
907,단독 의료데이터 규제 수혜 볼까카카오 휴먼스케이프 인수,1
908,단독 의료데이터 규제 수혜 볼까카카오 휴먼스케이프 인수,1
909,오리온카카오엔터프라이즈 물류 시스템 공동 구축한다,1
910,오리온 카카오엔터프라이즈와 손잡고  물류 시스템 구축,1
911,오리온 카카오엔터프라이즈와 물류 시스템 업무협약 체결,1
912,오리온 카카오엔터프라이즈와 물류 시스템 효율화,1
913,오리온 카카오엔터프라이즈와  물류 플랫폼 시스템 구축,1
914,오리온카카오엔터프라이즈 물류 시스템 공동 구축한다,1
915,오리온 카카오엔터프라이즈와 손잡고  물류 시스템 구축,1
916,오리온 카카오엔터프라이즈와 물류 시스템 업무협약 체결,1
917,오리온 카카오엔터프라이즈와 물류 시스템 효율화,1
918,오리온 카카오엔터프라이즈와  물류 플랫폼 시스템 구축,1
919,장애인의 날 카카오 업계 첫 디지털접근성 책임자 선임,1
920,공시디앤씨미디어 카카오엔터의 인수설 사실 아냐,1
921,디앤씨미디어 카카오엔터 자사 인수 추진 사실 아냐,1
922,디앤씨미디어 카카오엔터의 인수 추진사실 아냐,1
923,디앤씨미디어 카카오엔터 인수 추진설에 강세사실 무근,1
924,오리온 카카오엔터프라이즈와 물류 시스템 효율화,1
925,오리온 카카오엔터프라이즈와  물류 플랫폼 시스템 구축,1
926,공시디앤씨미디어 카카오엔터의 인수설 사실 아냐,1
927,디앤씨미디어 카카오엔터 자사 인수 추진 사실 아냐,1
928,디앤씨미디어 카카오엔터의 인수 추진사실 아냐,1
929,디앤씨미디어 카카오엔터 인수 추진설에 강세사실 무근,1
930,카카오  실적 시장 예상치 하회 전망교보,1
931,네이버카카오 주가 급락하는데증권가선 지금 더 사라,1
932,디앤씨미디어 카카오엔터 인수 추진설에 강세사실 무근,1
933,카카오  실적 시장 예상치 하회 전망교보,1
934,네이버카카오 주가 급락하는데증권가선 지금 더 사라,1
935,카카오 중소상공인 절세꿀팁 알려드려요,1
936,카카오 중소상공인 절세꿀팁 알려드려요,1
937,꾸그 운영사 글로랑 카카오 출신 오승하 최고사업책임자 영입,1
938,꾸그 운영사 글로랑 카카오 출신 오승하 최고사업책임자 영입,1
939,투자증권 카카오 목표가 만원신규 성장 사업새로운  전,1
940,카카오 인건비규제 등 악재 많지만 매력적인 회사,1
941,보험판 흔들 메기온다카카오손보 본인가 통과,1
942,금융위 카카오손보 보험업 본허가 의결,1
943,카카오보험 등장에 보험업계 당장 큰 영향 없지만,1
944,또 최초 기록 썼다카카오 손해보험업 진출 확정 종합,1
945,카카오보험 등장에 보험업계 당장 큰 영향 없지만,1
946,또 최초 기록 썼다카카오 손해보험업 진출 확정 종합,1
947,금융위 카카오손보 보험업 본허가 의결,1
948,네이버 밋업 팀네이버 모두 일본으로 간다 카카오,1
949,콘텐츠 시장 넘버 등극한 카카오엔터폭풍성장 비결은,1
950,그래도 산다 개미의 눈물나는 삼성전자카카오 사랑,1
951,메쉬코리아 카카오엔터와  물류 시스템 구축 협업,1
952,메쉬코리아 부릉 카카오엔터프라이즈와  물류 확장,1
953,부릉 카카오엔터프라이즈와  기반 물류 생태계 공동 구축,1
954,그래도 산다 개미의 눈물나는 삼성전자카카오 사랑,1
955,메쉬코리아 카카오엔터와  물류 시스템 구축 협업,1
956,메쉬코리아 부릉 카카오엔터프라이즈와  물류 확장,1
957,부릉 카카오엔터프라이즈와  기반 물류 생태계 공동 구축,1
958,대원미디어 카카오 계열 그라운드 통해 아머드 사우루스  발,1
959,삼전네이버 대신 엘전카카오강방천이 등에 투자하는 이유,1
960, 네이버카카오에 지급서비스 개방 시 예금 금리 인상 가능예금,1
961, 네이버카카오에 지급서비스 개방 시 예금 금리 인상 가능예금,1
962,메쉬코리아 카카오엔터와  물류 시스템 구축 협업,1
963,메쉬코리아 부릉 카카오엔터프라이즈와  물류 확장,1
964,부릉 카카오엔터프라이즈와  기반 물류 생태계 공동 구축,1
965,불황 속 첫 흑자 카카오모빌리티 콜 몰아주기 때문,1
966,카카오 개발자 대거 모집 두달 인턴후 정규직 기회,1
967,카카오 개발자 채용연계형 인턴 모집평가 거쳐 정규직 입사 기회,1
968,카카오와 함께할 새싹 크루 채용세 자릿수 규모,1
969,카카오 픽코마 전세계 소비자 지출 위 만화앱 등극,1
970,카카오 개발자 대거 모집 두달 인턴후 정규직 기회,1
971,카카오 개발자 채용연계형 인턴 모집평가 거쳐 정규직 입사 기회,1
972,카카오와 함께할 새싹 크루 채용세 자릿수 규모,1
973,카카오 픽코마 전세계 소비자 지출 위 만화앱 등극,1
974,카카오 실적 아쉽지만중장기 모멘텀 기대현대차,1
975,최고 대우 보장한다더니삼성 연봉 카카오 에 따라잡혔다,1
976,컴퍼니합 카카오메이커스서 레고랜드엘리시안 리조트 패키지 선봬,1
977,카카오와 함께할 새싹 크루 채용세 자릿수 규모,1
978,카카오 실적 아쉽지만중장기 모멘텀 기대현대차,1
979,한국일본 넘어 유럽까지 전선넓힌 네이버카카오 웹툰 전쟁,1
980,카카오네이버 주가 회복 가능할까중장기 성장잠재력 유효,1
981,한국일본 넘어 유럽까지 전선넓힌 네이버카카오 웹툰 전쟁,1
982,카카오네이버 주가 회복 가능할까중장기 성장잠재력 유효,1
983,카카오모빌리티 년 어떻게 성장했나,1
984,파격 연봉인상 카카오 개미는 운다목표가 낮추는 증권사들,1
985,카카오 매출 성장 둔화 전망에 목표가삼성,1
986,카카오 매출 성장 둔화 전망에 목표가삼성,1
987,카카오  스크린골프  회원권 발행,1
988,스크린골프  회원권 발행카카오,1
989,스크린골프  회원권 발행카카오,1
990,웹툰메타버스 앞세운 카카오 해외서 매출  올린다 카카,1
991,카카오 프레스톡 년 내 해외매출 비중  달성 목표,1
992,카카오 프레스톡 년 내 해외매출 비중  달성 목표,1
993,카카오 파트너 도우며 지속가능 성장 나선다,1
994,카카오 내수경제 챙기고 글로벌 진출 교두보될 것,1
995,연준 긴축 예고에 주저앉은 코스피 네이버카카오 대개장시황,1
996,카카오 프레스톡 년 내 해외매출 비중  달성 목표,1
997,카카오 내수경제 챙기고 글로벌 진출 교두보될 것,1
998,연준 긴축 예고에 주저앉은 코스피 네이버카카오 대개장시황,1
999,두나무 에 올인 카카오에스엠 거리두기 한다,1
1000,카카오  가상자산거래소 인수김범수 창업자 글로벌 첫 행보,1
1001,엔터 판 키우는 카카오 입은 팝으로 한류 중심 기업 꿈 성,1
1002,엔터에 힘 주는 카카오팝 공연장 서울아레나 운영 맡는다,1
1003,국내 최대 팝 전문 공연장 카카오서울시 함께 만든다,1
1004,국내 최대 팝 전문 공연장 카카오서울시 함께 만든다,1
1005,엔터에 힘 주는 카카오팝 공연장 서울아레나 운영 맡는다,1
1006,카카오  가상자산거래소 인수김범수 창업자 글로벌 첫 행보,1
1007,카카오 국내 최초 음악 전문 아레나 공연장 만든다,1
1008,카카오서울시 도봉구에 국내 최초 음악 전문 아레나 공연장 만든다,1
1009,카카오 국내 최초 음악 전문 아레나 공연장 만든다,1
1010,카카오서울시 도봉구에 국내 최초 음악 전문 아레나 공연장 만든다,1
1011,반등 시동거는 카카오 형제다시 국민주 될 수 있을까,1
1012,반등 시동거는 카카오 형제다시 국민주 될 수 있을까,1
1013,모두의 건강지킴이로 카카오헬스케어 법인 설립,1
1014,두나무 지난해 영업이익 조 돌파카카오는 사외이사 물러나,1
1015,마켓워치인터베스트카카오벤처스삼성벤처투자하나은행 슬립테크,1
1016,카카오모빌리티 뉴빌리티와 자율주행 로봇배송 상용화한다,1
1017,역대급 실적 쓰고 떠난 여민수조수용카카오 매출성장 지속될까,1
1018,남궁훈 뉴 카카오 성장쇄신 총력 다시 주목받는 기업가 정신,1
1019,뉴 카카오 이름 빼고 다 바꿨다의장대표조직 모두 변화,1
1020,대동 카카오모빌리티와 전기 오토바이 사업 협력,1
1021,마켓워치인터베스트카카오벤처스삼성벤처투자하나은행 슬립테크,1
1022,카카오모빌리티 뉴빌리티와 자율주행 로봇배송 상용화한다,1
1023,역대급 실적 쓰고 떠난 여민수조수용카카오 매출성장 지속될까,1
1024,남궁훈 뉴 카카오 성장쇄신 총력 다시 주목받는 기업가 정신,1
1025,뉴 카카오 이름 빼고 다 바꿨다의장대표조직 모두 변화,1
1026,대동 카카오모빌리티와 전기 오토바이 사업 협력,1
1027,대동 카카오모빌리티와 전기 오토바이 사업 협력,1
1028,뉴 카카오 이름 빼고 다 바꿨다의장대표조직 모두 변화,1
1029,뉴 카카오 출항김성수 의장남궁훈 대표 시대 열렸다,1
1030,뉴 카카오 이름 빼고 다 바꿨다의장대표조직 모두 변화,1
1031,대동 카카오모빌리티와 전기 오토바이 사업 협력,1
1032,카카오 남궁훈 단독대표 선임 이사회 의장에 김성수,1
1033,뉴 카카오 출항김성수 의장남궁훈 대표 시대 열렸다,1
1034,삼성증권 분기 코스피 최고 카카오금융 최선호 ,1
1035,떠나는 여민수 남궁훈 응원카카오 안정확장의 조화 기대돼,1
1036,떠나는 카카오 여민수 남궁훈 미래 혁신 응원한다,1
1037,역대급 증시 호황이었는데토스카카오 신생 증권사 재무 성적표는,1
1038,단독 박정호의 승부수코인 카카오와 손잡다,1
1039,카카오네이버가 반한 이모코그 독일지사 설립유럽 뚫는다,1
1040,카카오네이버가 반한 이모코그 독일지사 설립유럽 뚫는다,1
1041,카카오 전 대표 임지훈 김범수 의장과 카벤 상대로 소송전,1
1042,푸드 모노키친 롱롱 불돈까스불닭까스 카카오메이커스서 출시,1
1043,도심 한복판에서 불탄 카카오 바이크배터리가 원인,1
1044,카카오 음성  음 개월만에 종료,1
1045,카카오 음성  음 개월만에 종료,1
1046,영상영원한 라이벌 카카오네이버주주가치 제고 승자는,1
1047,사람 말 알아듣는 카카오 한국어 평가서 위,1
1048,네이버카카오 나란히 인건비 조 넘었다,1
1049, 인재 빨아들이는 네이버카카오,1
1050,악재는 털었다 들썩이는 카카오셀트리온 핵심은 실적,1
1051,추락하던 카카오 형제 셀트리온 형제 날개 달고 반등 악재,1
1052,코스피 주간 개인 순매도 위 카카오,1
1053,카카오픽코마 프랑스에서 픽코마 서비스 시작,1
1054,스텝 꼬인 카카오모빌리티의  도전기 이번엔 괜찮을까,1
1055,코스피 주간 개인 순매도 위 카카오,1
1056,카카오픽코마 프랑스에서 픽코마 서비스 시작,1
1057,스텝 꼬인 카카오모빌리티의  도전기 이번엔 괜찮을까,1
1058,헐값 유상증자 반대엔터 인수 앞둔 카카오 경계하는 소액주주 ,1
1059,헐값 유상증자 반대엔터 인수 앞둔 카카오 경계하는 소액주주 ,1
1060,더 오를 줄 알았는데네이버카카오에 베팅한 동학개미의 눈물,1
1061,카카오 새 선장 남궁훈 투자사 입김 차단해 계열사 통제,1
1062,롯데 카카오맵 통해 롯데잇츠 접속 선착순 쿠폰 제공,1
1063,롯데카카오맵 롯데잇츠 고객에 선착순 쿠폰 제공,1
1064,롯데 카카오맵 통해 롯데잇츠 접속 선착순 쿠폰 제공,1
1065,롯데카카오맵 롯데잇츠 고객에 선착순 쿠폰 제공,1
1066,카카오 글로벌경영 김범수가 지휘한다,1
1067,카카오모빌리티 코스피 재개주관사 곳 선정,1
1068,김범수 카카오 이사회 의장직 사임글로벌 확장에 집중,1
1069,김범수 카카오 이사회 의장직 사임글로벌 사업 확장에 전념,1
1070,김범수 카카오 이사회 의장직 사임글로벌 확장에 집중,1
1071,김범수 카카오 이사회 의장직 사임글로벌 사업 확장에 전념,1
1072,카카오모빌리티 코스피 재개주관사 곳 선정,1
1073,카카오엔터프라이즈  클레이 에이프 클럽과 협력,1
1074,코스피 주간 개인 순매도 위 카카오,1
1075,카카오엔터프라이즈  클레이 에이프 클럽과 협력,1
1076,코스피 주간 개인 순매도 위 카카오,1
1077,경로검색예약 한번에모빌리티 제국 다가선 카카오,1
1078,코스피 주간 개인 순매도 위 카카오,1
1079,경로검색예약 한번에모빌리티 제국 다가선 카카오,1
1080,만원 공약 실현될까만 개미 거느린 카카오 한주 만에  ,1
1081,뒷북경제 네이버카카오 대 급등  당선에 플랫폼 봄바람,1
1082, 품는 카카오 네하 동맹과 격돌 마켓인사이트,1
1083,카카오 엔터 품을까지속적으로 검토 중,1
1084,에스엠카카오 인수설 확정된 바 없다주가는 강세,1
1085,카카오 김범수 의장 조 들인 사회공헌 키워드는 아동여성환경,1
1086,카카오 엔터 품을까지속적으로 검토 중,1
1087,네이버카카오 주가 들썩이게 만든 온라인플랫폼법 뭐길래,1
1088,에스엠카카오 인수설 확정된 바 없다주가는 강세,1
1089,카카오 통합검색 도입내비로 목적지 검색하고 예약,1
1090,카카오  지분 인수 임박하이브 이어 업계 위 넘보나,1
1091,우리집 옷소매 준호 카카오엔터 모델 발탁 시너지 앞장,1
1092,규제 완화 기대 너무 들떴나네이버카카오 주가 주춤 증시이슈,1
1093,카카오 김범수 의장 조 들인 사회공헌 키워드는 아동여성환경,1
1094,우리집 옷소매 준호 카카오엔터 모델 발탁 시너지 앞장,1
1095,규제 완화 기대 너무 들떴나네이버카카오 주가 주춤 증시이슈,1
1096,카카오 김범수 의장 조 들인 사회공헌 키워드는 아동여성환경,1
1097,네이버카카오 조정 끝 반등 모색다시 관심 필요한 시기,1
1098, 당선에 네이버카카오 대 급등카카오 만원 회복,1
1099,윤석열 당선진정한 수혜주는 플랫폼네이버카카오 급등,1
1100,석열이형 고마워플랫폼 규제 완화 기대감에 네이버카카오 동반 급,1
1101,차기 정부 플랫폼 규제 풀까 조일까 네이버카카오 긴장,1
1102,엔비디아 제친 스타트업 네이버 이어 카카오도 반했다,1
1103,퓨리오사가 뭐길래네이버 이어 카카오도 군침,1
1104,이재민에 손내민 카카오김범수 의장 개인주식 억원 기부,1
1105,네이버카카오 둘다 사로잡았다네이버 투자 받고 카카오랑 손 잡은 이곳,1
1106,이재민에 손내민 카카오김범수 의장 개인주식 억원 기부,1
1107,에이스손보 카카오와 손잡고 처브 지켜줘홈즈 주택보험 선보여,1
1108,카카오같이가치 세계 여성의 날 기념 모금 캠페인,1
1109,엔솔카카오아모레년 만에 순매수 나선 연기금이 담은 종목들 ,1
1110,소비자분쟁 해결기준 공정위 네이버카카오쿠팡 등 적발,1
1111,소비자 분쟁해결기준 미비네이버카카오쿠팡 등 시정명령,1
1112,카카오 우크라 아동 돕는다이용자와 억원 기부,1
1113,카카오 우크라 아동 돕는다이용자와 억원 기부,1
1114,네이버  카카오라방 해외시장서 격돌,1
1115,카카오 해외 매출 첫 두자릿수 돌파내수 기업 꼬리표 뗄까,1
1116,카카오모빌리티전국대리운전노조 단체교섭 돌입,1
1117,카카오엔터프라이즈 초중고 대상 카카오워크 무상 제공,1
1118,원격처방 병원 정보부터 상담연결까지네이버카카오 원클릭 서비스,1
1119, 카카오 월 지나기 전에 사라목표주가 만원,1
1120,국민 콜택시 카카오 내 차 대신 쏘카 퀵커머스 메쉬 바로,1
1121,역대급  게임 엘든 링 수혜주가  카카오,1
1122,모처럼 웃은 네이버카카오,1
1123, 나스닥 깜짝 반등에 네이버카카오도 상승세 증시이슈,1
1124, 나스닥 깜짝 반등에 네이버카카오도 상승세 증시이슈,1
1125,카카오 억원 규모 자사주 소각에 대 강세,1
1126,카카오 억원 규모 자사주 소각에 대,1
1127,카카오 보통주 만주 감자 결정,1
1128,독해진 남궁훈 배부르고 봐야카카오 메타버스는 롤플레잉 채팅,1
1129,카카오 보통주 만주 감자 결정,1
1130,독해진 남궁훈 배부르고 봐야카카오 메타버스는 롤플레잉 채팅,1
1131,내달 취임 앞둔 카카오 남궁훈 폭풍전야같다,1
1132,남궁훈의 첫 행보 카카오 메타버스 글로벌 로 확장,1
1133,카카오 남궁훈 한국모바일 넘는다주가는 년 내 회복 희망,1
1134,카카오 남궁훈 년 임기 내 주가 및 신뢰회복,1
1135,카카오 남궁훈 한국모바일 넘는다주가는 년 내 회복 희망,1
1136,카카오 남궁훈 년 임기 내 주가 및 신뢰회복,1
1137,카카오 주가 만원 회복 신임 대표가 점찍은 시기는,1
1138,독해진 남궁훈 배부르고 봐야카카오 메타버스는 롤플레잉 채팅,1
1139,제주 드림타워 복합리조트 카카오메이커스 통해 객실 패키지 선봬,1
1140,제주 드림타워 복합리조트 카카오메이커스 통해 객실 패키지 선봬,1
1141,제주 드림타워 카카오메이커스에서 객실 패키지 출시,1
1142,제주 드림타워 카카오메이커스 통해 객실 패키지 판매,1
1143,제주 드림타워 카카오메이커스 통해 객실 패키지 판매,1
1144,카카오엔터 뮤지컬 젠틀맨스 가이드 사랑과 살인편 한정판  ,1
1145,연봉경영 목표 실시간 공유 카카오 남궁훈 비전 톡 소통,1
1146,단어 주소 왓쓰리워즈  카카오벤츠와 협업 시장 확장할,1
1147,카카오 구조대 왔나요연기금 다시 담자 주가 반등,1
1148,카카오픽코마 위 맞네 센서타워 일본 집계 최고전자책앱,1
1149,카카오엔터프라이즈 반도체기업 자일링스와 클라우드 협업,1
1150,뭇매 맞은 카카오 주가 자사주 소각 통할까,1
1151, 픽코마에서 월 한달간 억 거래됐다카카오,1
1152, 점령한 카카오픽코마연초부터 사상최고 거래액 행진,1
1153,카카오와 콜 연동 소문까지우버의 좌충우돌 티맵 대응은,1
1154,코스피 전운 일부 해소에 선 회복화학카카오 단숨에 ,1
1155,코스피 전운 일부 해소에 선 회복화학카카오 단숨에 ,1
1156,카카오 주식거래앱 시범서비스 시작,1
1157,카카오 타산지석 금융지주 주주 떠받들기,1
1158,카카오 타산지석 금융지주 주주 떠받들기,1
1159,카카오 주가에 대한 엇갈린 전망목표주가는 줄줄이 하향,1
1160,조폐공사 카카오와 손잡고 골드바 특판,1
1161,카카오 올해 성장성 부각될 것매수전략 유효,1
1162,카카오 이기고 위 탈환맨이 역시 최고 입사하고 싶은 대,1
1163,카카오 올해 성장성 부각될 것매수전략 유효,1
1164,카카오 올해 성장성 부각될 것매수전략 유효,1
1165,덩치 키운 네이버카카오 세계 무대서 겨룬다,1
1166,탈모 나쁘지 않네남궁훈식 소통에 확 달라진 카카오,1
1167,카카오 개월 만에 주가 최대폭 상승남궁훈 배수진 통했나,1
1168,카카오 개월 만에 주가 최대폭 상승남궁훈 배수진 통했나,1
1169,네이버에 위 내준 카카오주가방어 총력전,1
1170,특징주카카오 역대 최고실적주주환원 정책에 상승세 전환,1
1171,활짝 웃은 카카오 쪼개기 상장 없이 메타버스 정조준종합,1
1172,활짝 웃은 카카오 쪼개기 상장 없이 메타버스 정조준종합,1
1173,카카오 떠나는 여민수 대표 사회 신뢰 잃어 무거운 책임감 종합,1
1174,특징주카카오 주주환원정책에 대 상승만원 돌파,1
1175,연매출 조원 시대 연 카카오 주주환원 정책 첫 시행,1
1176,올해 카카오 커머스 거래액 조원 상회 기대카카오 컨콜,1
1177,역대 최대 실적 낸 카카오 본사 물적분할 계획 없다,1
1178,연매출 조원 카카오 전년비 전부문 성장세,1
1179,올해 카카오 커머스 거래액 조원 상회 기대카카오 컨콜,1
1180,역대 최대 실적 낸 카카오 본사 물적분할 계획 없다,1
1181,연매출 조원 카카오 전년비 전부문 성장세,1
1182,카카오 컨콜 클레이튼 메타버스 플랫폼으로 진화,1
1183,카카오 역대 최대 실적 기록에도 대 약세,1
1184,카카오 연매출 조 시대 활짝사상 첫 주주환원 정책도,1
1185,카카오 역대 최대 실적 기록에도 대 약세,1
1186,카카오 연매출 조 시대 활짝사상 첫 주주환원 정책도,1
1187,연매출 조원 시대 연 카카오 주주환원 정책 첫 시행,1
1188,연매출 조원 카카오 전년비 전부문 성장세,1
1189,연매출 조원 카카오 전년비 전부문 성장세,1
1190, 최저임금 선언 카카오 주가 배뛸까 엇갈린 시선,1
1191,카카오모빌리티 탈것의 미래 제시 진화한 자율주행차에어택시 눈,1
1192,카카오모빌리티 자율주행과 에어택시 주도한다,1
1193,카카오모빌리티 탈것의 미래 제시 진화한 자율주행차에어택시 눈,1
1194,카카오모빌리티 자율주행과 에어택시 주도한다,1
1195,주가 만원 될때까지 연봉 보류 카카오 명예회복 앞장선 남궁훈,1
1196,지금 무조건 사야 하나 만만원 카카오  파격선언,1
1197,네이버카카오 동반 상승 위메이드 대 급락 개장시황,1
1198,영상물적분할쪼개기상장 재검토 들어간 카카오신세계개미의 힘,1
1199,네이버카카오 동반 상승 위메이드 대 급락 개장시황,1
1200,영상물적분할쪼개기상장 재검토 들어간 카카오신세계개미의 힘,1
1201,사진카카오와 함께하는 청년희망,1
1202,사진카카오와 청년희망,1
1203,사진카카오와 함께하는 청년희망 간담회,1
1204,사진카카오와 함께하는 청년희망,1
1205,사진카카오와 함께 청년희망,1
1206,사진카카오에 감사 인사하는 김부겸 총리,1
1207,카카오맵 코로나  신속항원검사 기관 검색 서비스,1
1208,카카오 상생기금 네이버 분수펀드처럼 빛날 수 있을까,1
1209,카카오맵 코로나  신속항원검사 기관 검색 서비스,1
1210,카카오 상생기금 네이버 분수펀드처럼 빛날 수 있을까,1
1211,기자의눈 새 카카오 수장에 거는 기대,1
1212,카카오 메타버스 전진기지로 메타보라 낙점개 파트너사 연합군 구,1
1213,기자의눈 새 카카오 수장에 거는 기대,1
1214,카카오 메타버스 전진기지로 메타보라 낙점개 파트너사 연합군 구,1
1215,부꾸미줍줍한 개미들 언제 웃을까네이버카카오 이때 파세요,1
1216,개인사업자 대출 노린다카카오토스케이뱅크도 영역 확장,1
1217,단독삼성 이름으로 거대 금융플랫폼네이버 카카오도 초긴장,1
1218,내릴 만큼 내렸다네이버카카오에 조 베팅한 개미들,1
1219,포식자 지적에도 여전한 카카오 먹성비판 받는 성장방정식 유지,1
1220,단독 카카오 세계에서 가장 급성장한 브랜드 위 기염,1
1221,카카오엔터쉴더스올해 도 역대급,1
1222,브로드컴카카오구글공정위 올해도  전쟁,1
1223,분당까지 같이 타고 택시비 나눠 내요 카카오택시 천하에 이런일이,1
1224,분당까지 같이 타고 택시비 나눠 내요 카카오택시 천하에 이런일이,1
1225,남궁훈 전 대표의 카카오 단독 대표 내정 카카오게임즈에 어떤 영향이,1
1226,모바일 다음 개편 첫화면에 카카오 뷰,1
1227,주가 하락에 직원 손실까지크래프톤카카오 리더십이 움직인다,1
1228,금융당국 결제 수수료 합리적으로카카오네이버 낮추겠다,1
1229,정은보 간편결제 수수료 합리적 부과네이버카카오 페이수수료 ,1
1230,그린모빌리티어워드 모빌리티 이노베이션상 카카오모빌리티,1
1231,카카오모빌리티 카카오  펫 드라이버 사전 모집,1
1232,카카오모빌리티 월 일 첫 테크 컨퍼런스,1
1233,전자 카카오모빌리티 주최 테크 컨퍼런스서 옴니팟 실물 첫 ,1
1234,카카오모빌리티 월 일 첫 테크 컨퍼런스,1
1235,전자 카카오모빌리티 주최 테크 컨퍼런스서 옴니팟 실물 첫 ,1
1236,위기의 카카오 메타버스 퍼스트로 돌파한다,1
1237,단독 베일 벗은 카카오페이증권 주식서비스수익률 맞춰 카카오 캐릭터,1
1238,단독 베일 벗은 카카오페이증권 주식서비스수익률 맞춰 카카오 캐릭터,1
1239,김범수 사회적 책임 다할 것 결단남궁훈에 카카오 혁신 맡겼다,1
1240,절체절명 카카오 원톱 남궁훈 뉴리더십으로 경영 쇄신,1
1241,카카오에 무슨일이여일 만에 세번 리더십 바꾼 카카오,1
1242,카카오 신임 단독대표에 김범수 복심 남궁훈 내정,1
1243,절체절명 카카오 김범수의 오랜 벗 남궁훈 전면에 나서,1
1244,카카오 신임대표에 남궁훈 미래이니셔티브센터장,1
1245,네이버카카오 메타버스 기업 엔닷라이트 동시투자,1
1246,카카오 거래일 만의 반등세여민수 공동대표 임기연장 포기,1
1247,남궁훈 카카오 미래먹거리는 메타버스메타포밍 시대 열겠다,1
1248,카카오 사령탑 오르는 남궁훈 메타버스 카카오 가장 잘할 수 있는 ,1
1249,절체절명 카카오 김범수의 오랜 벗 남궁훈 전면에 나서,1
1250,카카오 신임대표에 남궁훈 미래이니셔티브센터장,1
1251,남궁훈 카카오 미래먹거리는 메타버스메타포밍 시대 열겠다,1
1252,카카오 사령탑 오르는 남궁훈 메타버스 카카오 가장 잘할 수 있는 ,1
1253,카카오 거래일 만의 반등세여민수 공동대표 임기연장 포기,1
1254,종합 카카오  바꾼 김범수 사회신뢰 잃은무거운 책임감,1
1255,네이버카카오 메타버스 기업 엔닷라이트 동시투자,1
1256,종합 카카오  바꾼 김범수 사회신뢰 잃은무거운 책임감,1
1257,네이버카카오 메타버스 기업 엔닷라이트 동시투자,1
1258,카카오 목표주가 하향올해 성장 계속 주가는 반등,1
1259,카카오 악재가 반영된 대표 성장주올해 반등할 것,1
1260,셀트리온 웃고 카카오 울고 악재 속 희비 엇갈린 그룹,1
1261,네이버카카오 메타버스 기업 엔닷라이트 동시투자,1
1262,카카오 목표주가 하향올해 성장 계속 주가는 반등,1
1263,카카오 악재가 반영된 대표 성장주올해 반등할 것,1
1264,셀트리온 웃고 카카오 울고 악재 속 희비 엇갈린 그룹,1
1265,셀트리온 웃고 카카오 울고 악재 속 희비 엇갈린 그룹,1
1266,이재용이 직접 챙겼더니 삼성네이버카카오 취업문 활짝 연 이곳,1
1267,새해 주가 폭탄 맞은 카카오셀트리온개미들 눈물만 뚝뚝,1
1268,새해 주가 폭탄 맞은 카카오셀트리온개미들 눈물만 뚝뚝,1
1269,네이버카카오 보름새 조천억 담은 개미들,1
1270,금융위 네이버카카오 자금세탁 들여다본다,1
1271,가상자산 거래소 자금세탁 첫 검사 네이버카카오토스도 사정권,1
1272, 판 키우는 카카오네이버 다음 주자는 크래프톤,1
1273,금리는 오르는데 다시 늘어나는 빚투크래프톤카카오네이버에 빚투 ,1
1274,개미들 살려위풍당당했던 카카오 형제 올해만 시총 조 날아,1
1275,류영준 나비효과카카오 미전실 같은 컨트롤타워 가동,1
1276,카카오 스톡옵션 먹튀 막는다지만당사자 결정에 따라 달라져,1
1277, 주식매도 년제한 계열사 상장도 재검토카카오 신속행보,1
1278,카카오 스톡옵션 먹튀 막는다지만당사자 결정에 따라 달라져,1
1279, 주식매도 년제한 계열사 상장도 재검토카카오 신속행보,1
1280,카카오 전계열사에 사회공헌 플랜 마련 지시,1
1281, 보고서 에너지솔루션 카카오엔터  시장 활기 올,1
1282,금융투자 카카오 목표가 하향 분기 실적 예상치 하회,1
1283,클릭 종목카카오 주가 매력적 올해 매출 추정치 하향목표가,1
1284,금융투자 카카오 목표가 하향 분기 실적 예상치 하회,1
1285,클릭 종목카카오 주가 매력적 올해 매출 추정치 하향목표가,1
1286, 주식매도 년제한 계열사 상장도 재검토카카오 신속행보,1
1287,카카오커머스 카카오로 완전 흡수이커머스 시너지 극대화,1
1288,카카오커머스 카카오로 완전 흡수이커머스 시너지 극대화,1
1289,카카오 주주 달래기에도주가는 무덤덤,1
1290,카카오 이모티콘 윤리 지침 개정해 증오발언 근절,1
1291,카카오 전 계열사 임원 주식 매도 규정안 마련,1
1292,물타다 대주주 되겠네삼전 이어 카카오네이버 줍는 개미들,1
1293,상보 카카오엔터 등 공동체 상장 전면 재검토,1
1294,카카오 다음 포털 개편 첫날 오류에 다시 구버전으로,1
1295,카카오 모바일 다음 개편 첫날 오류,1
1296,카카오 전 계열사 임원 주식 매도 규정안 마련,1
1297,물타다 대주주 되겠네삼전 이어 카카오네이버 줍는 개미들,1
1298,상보 카카오엔터 등 공동체 상장 전면 재검토,1
1299,카카오 다음 포털 개편 첫날 오류에 다시 구버전으로,1
1300,카카오 모바일 다음 개편 첫날 오류,1
1301,카카오 내부 단속 힘싣는다컨트롤타워 역할 강화,1
1302,카카오 다음 포털 개편 첫날 오류에 다시 구버전으로,1
1303,카카오 모바일 다음 개편 첫날 오류,1
1304,카카오 내부 단속 힘싣는다컨트롤타워 역할 강화,1
1305,웬일이래 카카오 대올들어 기관 첫 사자에 코스피 ,1
1306,소 잃고 외양간 고치겠단 카카오투자자 마음 되돌릴수있나,1
1307,오전시황 코스피 올라 선 문턱 네이버카카오 ,1
1308,카카오농협안심한우 두번째 만남라이브커머스에서 만나요,1
1309,실적 부진차기  사퇴까지카카오 시총 하루만에 조 증발,1
1310,조 증발 카카오 블록체인이 희망,1
1311,실적 부진차기  사퇴까지카카오 시총 하루만에 조 증발,1
1312,투자 카카오 주가 하락 과도하나 기업가치 다시 상승목표주가,1
1313,결국 물러난 류영준 카카오 리더십 흔들,1
1314,일 만에 꺾인 카카오의 혁신류영준 카카오페이 대표는 유지,1
1315,카카오 약점 노출한 계열사 각자도생 컨트롤타워 정비 시급,1
1316,카카오 컨트롤타워 역할론 급부상리더십 재편 시급,1
1317,실적 부진차기  사퇴까지카카오 시총 하루만에 조 증발,1
1318,결국 물러난 류영준 카카오 리더십 흔들,1
1319,일 만에 꺾인 카카오의 혁신류영준 카카오페이 대표는 유지,1
1320,카카오 약점 노출한 계열사 각자도생 컨트롤타워 정비 시급,1
1321,카카오 컨트롤타워 역할론 급부상리더십 재편 시급,1
1322,모럴해저드에 개미 곡소리카카오 직원들도 불만 폭발,1
1323,카카오 컨트롤타워 역할론 급부상리더십 재편 시급,1
1324,도덕적 해이에 흔들리는 카카오 공동체 김범수 형님 리더십 에,1
1325,도덕적 해이에 흔들리는 카카오 공동체 김범수 형님 리더십 에,1
1326,일 만에 꺾인 카카오의 혁신류영준 카카오페이 대표는 유지,1
1327,카카오 류영준 카카오 공동대표 내정자 자진 사퇴,1
1328,삼성증권 카카오 정부 규제 올해도 이어질 것목표가 만원으로 하,1
1329,카카오 올해 주가 반등 열쇠는 메타버스  등 신사업삼성,1
1330,분기 실적 추정치 보니 대한항공 호텔신라카,1
1331,카카오 신규 플랫폼 사업 향방 주목,1
1332,카카오 모멘텀 확보까지 긴 호흡 접근이 현실적목표가이베스트,1
1333,카카오 차기 모멘텀 확보까지 긴호흡 접근을목표가이베스트,1
1334,증시이슈 카카오페이 또 대 떨어져카카오 내부서도 비판,1
1335,코스피 선까지 밀려네이버카카오,1
1336,에코마케팅 카카오 선정 년 올해의 베스트 파트너,1
1337,지금은 바겐세일중공정위 칼날 향한 네이버 카카오에 다시 올라타는,1
1338,하나금투 네이버카카오 분기 영업익 시장 추정치 밑돌 것,1
1339,카카오네이버 분기 영업익 추정치 밑돌 전망하나금투,1
1340,하나금투 네이버카카오 분기 영업익 시장 추정치 밑돌 것,1
1341,카카오네이버 분기 영업익 추정치 밑돌 전망하나금투,1
1342,새해 첫 출근부터 미래 조직 강화한 카카오자체 메타버스 펼치나,1
1343,카카오 카카오인사이트 올해 출시가 기업고객 분석 돕는다,1
1344,카카오 품에 안긴 지그재그 년 거래액 조 넘어섰다,1
1345,카카오의 미래 남궁훈 사단에 맡겼다팬의 물결로   새도약,1
1346,카카오 미래이니셔티브센터 신규 임원 명 선임,1
1347,카카오 미래이니셔티브센터 신규 임원 선임성장 동력 발굴,1
1348,카카오 미래이니셔티브센터 신규 임원 선임성장 동력 발굴,1
1349,카카오의 남궁훈 올해는 팬의 시대  산업 다시 한번 도약할 때,1
1350,공정위 올해도 구글카카오쿠팡의 갑질 겨눈다 법제도 개선 착,1
1351,카카오 미래이니셔티브센터 신규 임원 선임성장 동력 발굴,1
1352,카카오 미래이니셔티브센터 신규 임원 선임성장 동력 발굴,1
1353,공정위 올해도 구글카카오쿠팡의 갑질 겨눈다 법제도 개선 착,1
1354,네이버는 메타버스 카카오는 플랫폼스타트업에서 미래 찾는 빅테크,1
1355,택시기사 등 업계와 공존 카카오모빌리티 상생 길 넓힌다,1
1356,상생 외친 카카오모빌리티 일회성 아닌 지속가능한 협력 생태계 목,1
1357,카카오 올해  올랐지만개미들은 ,1
1358,구조대 대체 언제 오나요카카오 올라탄 개미들 눈물,1
1359,카카오 올해 글로벌 학회 곳에서  논문 건 등재,1
1360,상생 외친 카카오모빌리티 일회성 아닌 지속가능한 협력 생태계 목표,1
1361,카카오 올해  올랐지만개미들은 ,1
1362,구조대 대체 언제 오나요카카오 올라탄 개미들 눈물,1
1363,카카오 올해 글로벌 학회 곳에서  논문 건 등재,1
1364,숫자로 보는 올해 증시 시총 급락 화학 약진한 네이버카카오,1
1365,숫자로 보는 올해 증시 시총 급락 화학 약진한 네이버카카오,1
1366,네이버카카오가 낙점한 조 미래먹거리바로 이 시장,1
1367,카카오모빌리티 주관사 선정 임박내년 하반기 증시 입성 성공할까,1
1368,네이버  카카오 빅테크  승자는,1
1369,카카오커머스 홍은택 대표 사의여민수류영준 직접 지휘,1
1370,사장님 의무보험 가입하셔야죠보험사보다 친절한 카카오네이버종합,1
1371,보험사보다 친절한 카카오네이버,1
1372,사장님 의무보험 가입하셔야죠보험사보다 친절한 카카오네이버종합,1
1373,보험사보다 친절한 카카오네이버,1
1374,스미스앤스미시 열일청소기 플러스 카카오메이커스서 선봬,1
1375,공정위 내년 타깃은 건설 대기업카카오쿠팡 심판대 올린다,1
1376,특징주넵튠 카카오 메타버스 생태계 구심점 역할 부각관련 기업 ,1
1377,카카오 신용등급 로 등급 상향,1
1378,카카오엔터테인먼트 돌고래유괴단스튜디오좋 인수,1
1379,카카오 신용등급 로 등급 상향,1
1380,카카오엔터테인먼트 돌고래유괴단스튜디오좋 인수,1
1381,카카오 신용등급 년 만에 상향,1
1382,카카오 년 만에 신용등급 로 상향,1
1383,특징주넵튠 카카오 메타버스 생태계 구심점 역할 부각관련 기업 인,1
1384,혁신기업 투자하는 카카오 핵심 키워드는 선한 영향력,1
1385,카카오 메타버스 생태계 핵심은 넵튠,1
1386, 가상인간부터  플랫폼까지카카오 메타버스 구심점은 넵튠,1
1387,카카오브레인 사람처럼 추론할 수 있는  만들 것,1
1388,혁신기업 투자하는 카카오 핵심 키워드는 선한 영향력,1
1389,카카오 메타버스 생태계 핵심은 넵튠,1
1390, 가상인간부터  플랫폼까지카카오 메타버스 구심점은 넵튠,1
1391,카카오브레인 사람처럼 추론할 수 있는  만들 것,1
1392,카카오가 인수한 우시아월드 향후 큰폭의 이익성장 가능,1
1393,상생과 성장 카카오메이커스 누적 거래액 억,1
1394,상생성장 다 잡았다카카오메이커스 누적 거래액 억 달,1
1395,카카오  펀드 가동선한 영향력 확대한다,1
1396,상생과 성장 카카오메이커스 누적 거래액 억,1
1397,상생성장 다 잡았다카카오메이커스 누적 거래액 억 달,1
1398,카카오가 인수한 우시아월드 향후 큰폭의 이익성장 가능,1
1399,카카오  펀드 가동선한 영향력 확대한다,1
1400,네이버카카오 규제 온플법 국회 문턱 넘을까통과 안 되면 다,1
1401,카카오브레인 누구나 진짜같은 디지털 휴먼 만들 수 있도록 할 것,1
1402,카카오 자회사 상장 대박신용등급 로 상향,1
1403,카카오가 인수한 우시아월드 향후 큰폭의 이익성장 가능,1
1404,네이버카카오 규제 온플법 국회 문턱 넘을까통과 안 되면 다,1
1405,카카오브레인 누구나 진짜같은 디지털 휴먼 만들 수 있도록 할 것,1
1406,카카오 자회사 상장 대박신용등급 로 상향,1
1407,카카오 친환경 첨단 데이터센터 첫 삽년 준공 목표,1
1408,카카오 친환경 첨단 데이터센터 첫 삽년 준공 목표,1
1409,네이버카카오  마켓에 깃발 누가 이길까,1
1410,컴퍼니합 카카오메이커스와 소노호텔앤리조트 윈터 베케이션 공개,1
1411,카카오엔터 미국 소재 무협 웹소설 플랫폼 우시아월드 인수,1
1412,카카오엔터 미국 소재 무협 웹소설 플랫폼 우시아월드 인수,1
1413,시그널 해외 기업  배 급증카카오가 선봉장,1
1414,엔솔현대엔지카카오엔터임인년  들,1
1415,카카오 인증서 이용자 년만에 천만 넘었다,1
1416,카카오 인증서 출시 년 만에 천만 이용자 돌파,1
1417,카카오 인증서 사용자 만명 돌파연말정산서 빛 볼까,1
1418,카카오 올해 몸값 상승률 톱도 약진,1
1419,카카오 인증서 출시 년 만에 천만 이용자 돌파,1
1420,카카오 올해 몸값 상승률 톱도 약진,1
1421,증권가 네이버 카카오 대비 저평가년 내  상승 여력,1
1422,카카오의 힘비트코인 급락해도 빛나는 싸이클럽바이오패스포트,1
1423,트렌디 쇼핑몰 아임웹 카카오싱크 부스터 채택,1
1424,새 리더십 내세운 네이버카카오 키워드는 글로벌대,1
1425,새 리더십 내세운 네이버카카오 키워드는 글로벌대,1
1426,카카오 수어 기브티콘으로 따뜻한 연말 보내세요,1
1427,이모티콘 살 때마다 카카오가 건당 천원씩 기부,1
1428,렌터카에 까지슈퍼앱 입지 굳히는 카카오모빌리티,1
